Prog,PTT,Len,Satellite,Class,Pass,PassDate,PassTime,Latitude,Longitude,Comment,Frequency,Power,IQ,Dups,MsgDate,MsgTime,Latitude2,Longitude2,Duration,SENSOR #01,SENSOR #02,SENSOR #03,SENSOR #04,SENSOR #05,SENSOR #06,SENSOR #07,SENSOR #08,SENSOR #09,SENSOR #10,SENSOR #11,SENSOR #12,SENSOR #13,SENSOR #14,SENSOR #15,SENSOR #16,SENSOR #17,SENSOR #18,SENSOR #19,SENSOR #20,SENSOR #21,SENSOR #22,SENSOR #23,SENSOR #24,SENSOR #25,SENSOR #26,SENSOR #27,SENSOR #28,SENSOR #29,SENSOR #30,SENSOR #31,SENSOR #32
522,99279,19,P,1,1,26-Apr-2014,02:38:46,60.63027954,-178.11721802,"",401677394,,,0,26-Apr-2014,02:36:31,,,225,4,1,52,41,1,139,222,52,151,194,224,5,0,83,255,253,60,0,0
522,99279,7,P,1,1,26-Apr-2014,02:38:46,60.63027954,-178.11721802,"",401677394,,,0,26-Apr-2014,02:38:46,,,225,0,171,168,41,144,2,175
522,99279,7,P,1,1,26-Apr-2014,02:38:46,60.63027954,-178.11721802,"",401677394,,,0,26-Apr-2014,02:39:31,,,225,0,1,52,41,193,181,242
522,99279,7,P,1,1,26-Apr-2014,02:38:46,60.63027954,-178.11721802,"",401677394,,,0,26-Apr-2014,02:40:16,,,225,0,1,52,41,238,124,195
522,99279,7,A,B,2,26-Apr-2014,02:56:46,60.63055420,-178.11222839,"",401677388,,,0,26-Apr-2014,02:56:46,,,270,2,1,52,46,16,56,128
522,99279,7,A,B,2,26-Apr-2014,02:56:46,60.63055420,-178.11222839,"",401677388,,,0,26-Apr-2014,03:01:16,,,270,2,17,52,48,46,220,231
522,99279,7,N,3,3,26-Apr-2014,03:51:17,60.63583374,-178.12638855,"",401677387,,,0,26-Apr-2014,03:47:32,,,450,2,1,52,59,194,13,36
522,99279,7,N,3,3,26-Apr-2014,03:51:17,60.63583374,-178.12638855,"",401677387,,,0,26-Apr-2014,03:49:02,,,450,2,1,52,60,32,79,133
522,99279,7,N,3,3,26-Apr-2014,03:51:17,60.63583374,-178.12638855,"",401677387,,,0,26-Apr-2014,03:50:32,,,450,2,171,42,60,130,2,227
522,99279,7,N,3,3,26-Apr-2014,03:51:17,60.63583374,-178.12638855,"",401677387,,,0,26-Apr-2014,03:52:02,,,450,2,1,52,60,224,115,133
522,99279,7,N,3,3,26-Apr-2014,03:51:17,60.63583374,-178.12638855,"",401677387,,,0,26-Apr-2014,03:53:32,,,450,2,1,52,61,66,109,37
522,99279,7,N,3,3,26-Apr-2014,03:51:17,60.63583374,-178.12638855,"",401677387,,,0,26-Apr-2014,03:55:02,,,450,2,1,52,61,160,91,133
522,99279,7,K,3,4,26-Apr-2014,03:59:32,60.63694382,-178.12611389,"",401677387,,,0,26-Apr-2014,03:59:32,,,720,2,1,52,62,194,193,36
522,99279,19,K,3,4,26-Apr-2014,03:59:32,60.63694382,-178.12611389,"",401677387,,,0,26-Apr-2014,04:01:02,,,720,6,1,52,64,32,19,77,52,152,34,160,21,160,83,255,253,56,0,0
522,99279,7,K,3,4,26-Apr-2014,03:59:32,60.63694382,-178.12611389,"",401677387,,,0,26-Apr-2014,04:02:32,,,720,2,171,36,64,130,2,235
522,99279,7,K,3,4,26-Apr-2014,03:59:32,60.63694382,-178.12611389,"",401677387,,,0,26-Apr-2014,04:04:02,,,720,2,1,52,64,224,227,156
522,99279,7,K,3,4,26-Apr-2014,03:59:32,60.63694382,-178.12611389,"",401677387,,,0,26-Apr-2014,04:05:32,,,720,2,1,52,65,66,253,60
522,99279,7,K,3,4,26-Apr-2014,03:59:32,60.63694382,-178.12611389,"",401677387,,,0,26-Apr-2014,04:07:02,,,720,2,1,52,65,160,203,156
522,99279,7,K,3,4,26-Apr-2014,03:59:32,60.63694382,-178.12611389,"",401677387,,,0,26-Apr-2014,04:08:32,,,720,2,163,52,66,2,2,239
522,99279,7,K,3,4,26-Apr-2014,03:59:32,60.63694382,-178.12611389,"",401677387,,,0,26-Apr-2014,04:10:02,,,720,2,1,52,66,96,179,156
522,99279,7,K,3,4,26-Apr-2014,03:59:32,60.63694382,-178.12611389,"",401677387,,,0,26-Apr-2014,04:11:32,,,720,2,1,52,66,194,81,61
522,99279,7,R,3,5,26-Apr-2014,04:32:32,60.63999939,-178.13000488,"",401677387,,,0,26-Apr-2014,04:28:02,,,540,2,1,52,70,224,107,156
522,99279,7,R,3,5,26-Apr-2014,04:32:32,60.63999939,-178.13000488,"",401677387,,,0,26-Apr-2014,04:29:32,,,540,2,1,52,71,66,117,60
522,99279,7,R,3,5,26-Apr-2014,04:32:32,60.63999939,-178.13000488,"",401677387,,,0,26-Apr-2014,04:31:02,,,540,2,1,52,71,160,67,156
522,99279,7,R,3,5,26-Apr-2014,04:32:32,60.63999939,-178.13000488,"",401677387,,,0,26-Apr-2014,04:32:32,,,540,2,131,28,72,18,18,125
522,99279,7,R,3,5,26-Apr-2014,04:32:32,60.63999939,-178.13000488,"",401677387,,,0,26-Apr-2014,04:34:02,,,540,2,1,52,72,96,107,159
522,99279,7,R,3,5,26-Apr-2014,04:32:32,60.63999939,-178.13000488,"",401677387,,,0,26-Apr-2014,04:35:32,,,540,2,1,52,72,194,137,62
522,99279,7,R,3,5,26-Apr-2014,04:32:32,60.63999939,-178.13000488,"",401677387,,,0,26-Apr-2014,04:37:02,,,540,2,1,52,73,32,67,159
522,99279,7,A,2,6,26-Apr-2014,04:36:17,60.63527679,-178.12971497,"",401677387,,,0,26-Apr-2014,04:34:02,,,270,2,1,52,72,96,107,159
522,99279,7,A,2,6,26-Apr-2014,04:36:17,60.63527679,-178.12971497,"",401677387,,,0,26-Apr-2014,04:35:32,,,270,2,1,52,72,194,137,62
522,99279,7,A,2,6,26-Apr-2014,04:36:17,60.63527679,-178.12971497,"",401677387,,,0,26-Apr-2014,04:37:02,,,270,2,1,52,73,32,67,159
522,99279,7,A,2,6,26-Apr-2014,04:36:17,60.63527679,-178.12971497,"",401677387,,,0,26-Apr-2014,04:38:32,,,270,2,163,28,73,130,3,3
522,99279,7,L,2,7,26-Apr-2014,04:36:17,60.64138794,-178.13139343,"",401677387,,,0,26-Apr-2014,04:35:32,,,450,2,1,52,72,194,137,62
522,99279,7,L,2,7,26-Apr-2014,04:36:17,60.64138794,-178.13139343,"",401677387,,,0,26-Apr-2014,04:37:02,,,450,2,1,52,73,32,67,159
522,99279,7,L,2,7,26-Apr-2014,04:36:17,60.64138794,-178.13139343,"",401677387,,,0,26-Apr-2014,04:38:32,,,450,2,163,28,73,130,3,3
522,99279,7,L,2,7,26-Apr-2014,04:36:17,60.64138794,-178.13139343,"",401677387,,,0,26-Apr-2014,04:40:02,,,450,2,1,52,73,224,127,159
522,99279,7,L,2,7,26-Apr-2014,04:36:17,60.64138794,-178.13139343,"",401677387,,,0,26-Apr-2014,04:41:32,,,450,2,1,52,74,66,217,62
522,99279,7,L,2,7,26-Apr-2014,04:36:17,60.64138794,-178.13139343,"",401677387,,,0,26-Apr-2014,04:43:02,,,450,2,1,52,74,160,239,158
522,99279,7,N,B,8,26-Apr-2014,05:32:32,60.63944626,-178.13638306,"",401677388,,,0,26-Apr-2014,05:31:02,,,180,2,1,52,87,160,131,152
522,99279,19,N,B,8,26-Apr-2014,05:32:32,60.63944626,-178.13638306,"",401677388,,,0,26-Apr-2014,05:34:02,,,180,6,1,52,92,96,127,200,52,232,51,16,21,160,83,255,253,56,0,0
522,99279,7,K,2,9,26-Apr-2014,05:48:17,60.63694382,-178.12805176,"",401677390,,,0,26-Apr-2014,05:41:32,,,631,2,1,52,90,66,25,58
522,99279,7,K,2,9,26-Apr-2014,05:48:17,60.63694382,-178.12805176,"",401677390,,,0,26-Apr-2014,05:43:02,,,631,2,1,53,90,160,47,154
522,99279,7,K,2,9,26-Apr-2014,05:48:17,60.63694382,-178.12805176,"",401677390,,,0,26-Apr-2014,05:44:32,,,631,2,163,24,91,2,3,47
522,99279,7,K,2,9,26-Apr-2014,05:48:17,60.63694382,-178.12805176,"",401677390,,,0,26-Apr-2014,05:46:02,,,631,2,1,52,91,96,239,155
522,99279,7,K,2,9,26-Apr-2014,05:48:17,60.63694382,-178.12805176,"",401677390,,,0,26-Apr-2014,05:47:32,,,631,2,1,52,91,194,13,58
522,99279,7,K,2,9,26-Apr-2014,05:48:17,60.63694382,-178.12805176,"",401677390,,,0,26-Apr-2014,05:49:02,,,631,2,1,52,92,32,79,155
522,99279,7,K,2,9,26-Apr-2014,05:48:17,60.63694382,-178.12805176,"",401677390,,,0,26-Apr-2014,05:50:32,,,631,2,155,14,92,130,3,51
522,99279,7,K,2,9,26-Apr-2014,05:48:17,60.63694382,-178.12805176,"",401677390,,,0,26-Apr-2014,05:52:03,,,631,2,1,52,92,225,179,202
522,99279,7,R,3,10,26-Apr-2014,06:13:49,60.63444519,-178.14138794,"",401677405,,,0,26-Apr-2014,06:08:34,,,659,0,1,52,98,4,108,245
522,99279,7,R,3,10,26-Apr-2014,06:13:49,60.63444519,-178.14138794,"",401677405,,,0,26-Apr-2014,06:09:31,,,659,0,1,52,98,65,185,228
522,99279,7,R,3,10,26-Apr-2014,06:13:49,60.63444519,-178.14138794,"",401677405,,,0,26-Apr-2014,06:11:18,,,659,0,155,2,98,50,34,102
522,99279,7,R,3,10,26-Apr-2014,06:13:49,60.63444519,-178.14138794,"",401677405,,,0,26-Apr-2014,06:12:33,,,659,0,1,52,99,2,145,20
522,99279,7,R,3,10,26-Apr-2014,06:13:49,60.63444519,-178.14138794,"",401677405,,,0,26-Apr-2014,06:13:31,,,659,0,1,52,99,65,69,229
522,99279,7,R,3,10,26-Apr-2014,06:13:49,60.63444519,-178.14138794,"",401677405,,,0,26-Apr-2014,06:14:55,,,659,0,1,52,99,152,190,52
522,99279,7,R,3,10,26-Apr-2014,06:13:49,60.63444519,-178.14138794,"",401677405,,,0,26-Apr-2014,06:15:52,,,659,0,155,2,99,214,3,67
522,99279,7,R,3,10,26-Apr-2014,06:13:49,60.63444519,-178.14138794,"",401677405,,,0,26-Apr-2014,06:18:33,,,659,0,1,52,100,130,13,20
522,99279,7,R,3,10,26-Apr-2014,06:13:49,60.63444519,-178.14138794,"",401677405,,,0,26-Apr-2014,06:19:33,,,659,0,1,52,100,194,217,21
522,99279,7,A,3,11,26-Apr-2014,06:11:18,60.63555527,-178.13305664,"",401677403,,,0,26-Apr-2014,06:11:18,,,495,0,155,2,98,176,3,62
522,99279,7,A,3,11,26-Apr-2014,06:11:18,60.63555527,-178.13305664,"",401677403,,,0,26-Apr-2014,06:12:33,,,495,0,1,52,99,2,145,20
522,99279,7,A,3,11,26-Apr-2014,06:11:18,60.63555527,-178.13305664,"",401677403,,,0,26-Apr-2014,06:13:31,,,495,0,1,52,99,65,69,229
522,99279,7,A,3,11,26-Apr-2014,06:11:18,60.63555527,-178.13305664,"",401677403,,,0,26-Apr-2014,06:14:55,,,495,0,1,52,99,152,190,52
522,99279,7,A,3,11,26-Apr-2014,06:11:18,60.63555527,-178.13305664,"",401677403,,,0,26-Apr-2014,06:15:52,,,495,0,155,2,107,214,3,67
522,99279,7,A,3,11,26-Apr-2014,06:11:18,60.63555527,-178.13305664,"",401677403,,,0,26-Apr-2014,06:18:33,,,495,0,1,52,100,130,13,20
522,99279,7,A,3,11,26-Apr-2014,06:11:18,60.63555527,-178.13305664,"",401677403,,,0,26-Apr-2014,06:19:33,,,495,0,1,52,100,194,217,21
522,99279,7,L,2,12,26-Apr-2014,06:18:39,60.63416672,-178.12750244,"",401677407,,,0,26-Apr-2014,06:14:55,,,403,0,1,52,99,152,190,52
522,99279,7,L,2,12,26-Apr-2014,06:18:39,60.63416672,-178.12750244,"",401677407,,,0,26-Apr-2014,06:18:33,,,403,0,1,52,100,130,13,20
522,99279,7,L,2,12,26-Apr-2014,06:18:39,60.63416672,-178.12750244,"",401677407,,,0,26-Apr-2014,06:19:33,,,403,0,1,52,100,194,217,21
522,99279,7,L,2,12,26-Apr-2014,06:18:39,60.63416672,-178.12750244,"",401677407,,,0,26-Apr-2014,06:21:38,,,403,0,1,52,101,71,204,5
522,99279,7,B,3,13,26-Apr-2014,07:06:30,60.60305405,-178.11222839,"",401677406,,,0,26-Apr-2014,07:04:12,,,648,0,1,52,112,233,33,96
522,99279,7,B,3,13,26-Apr-2014,07:06:30,60.60305405,-178.11222839,"",401677406,,,0,26-Apr-2014,07:05:45,,,648,0,155,4,113,78,3,91
522,99279,7,B,3,13,26-Apr-2014,07:06:30,60.60305405,-178.11222839,"",401677406,,,0,26-Apr-2014,07:07:09,,,648,0,1,52,113,166,10,80
522,99279,7,B,3,13,26-Apr-2014,07:06:30,60.60305405,-178.11222839,"",401677406,,,0,26-Apr-2014,07:08:58,,,648,0,1,52,114,27,106,192
522,99279,7,B,3,13,26-Apr-2014,07:06:30,60.60305405,-178.11222839,"",401677406,,,0,26-Apr-2014,07:12:38,,,648,0,1,52,115,7,80,0
522,99279,7,B,3,13,26-Apr-2014,07:06:30,60.60305405,-178.11222839,"",401677406,,,0,26-Apr-2014,07:14:12,,,648,0,155,6,115,105,7,94
522,99279,7,B,3,13,26-Apr-2014,07:06:30,60.60305405,-178.11222839,"",401677406,,,0,26-Apr-2014,07:15:00,,,648,0,1,52,115,157,127,32
522,99279,7,R,3,14,26-Apr-2014,07:51:54,60.58861160,-178.12333679,"",401677397,,,0,26-Apr-2014,07:48:10,,,450,2,1,52,123,231,6,32
522,99279,7,R,3,14,26-Apr-2014,07:51:54,60.58861160,-178.12333679,"",401677397,,,0,26-Apr-2014,07:49:40,,,450,2,1,52,124,73,147,64
522,99279,7,R,3,14,26-Apr-2014,07:51:54,60.58861160,-178.12333679,"",401677397,,,0,26-Apr-2014,07:51:10,,,450,2,155,10,124,167,3,123
522,99279,7,R,3,14,26-Apr-2014,07:51:54,60.58861160,-178.12333679,"",401677397,,,0,26-Apr-2014,07:52:40,,,450,2,1,52,125,9,187,64
522,99279,7,R,3,14,26-Apr-2014,07:51:54,60.58861160,-178.12333679,"",401677397,,,0,26-Apr-2014,07:54:10,,,450,2,1,52,125,103,102,33
522,99279,7,R,3,14,26-Apr-2014,07:51:54,60.58861160,-178.12333679,"",401677397,,,0,26-Apr-2014,07:55:40,,,450,2,1,52,125,201,135,64
522,99279,7,A,2,15,26-Apr-2014,07:51:09,60.58972168,-178.11555481,"",401677396,,,0,26-Apr-2014,07:49:40,,,630,2,1,52,124,73,147,64
522,99279,7,A,2,15,26-Apr-2014,07:51:09,60.58972168,-178.11555481,"",401677396,,,0,26-Apr-2014,07:51:10,,,630,2,155,10,124,167,3,123
522,99279,7,A,2,15,26-Apr-2014,07:51:09,60.58972168,-178.11555481,"",401677396,,,0,26-Apr-2014,07:52:40,,,630,2,1,52,125,9,187,64
522,99279,7,A,2,15,26-Apr-2014,07:51:09,60.58972168,-178.11555481,"",401677396,,,0,26-Apr-2014,07:54:10,,,630,2,1,52,125,103,102,33
522,99279,7,A,2,15,26-Apr-2014,07:51:09,60.58972168,-178.11555481,"",401677396,,,0,26-Apr-2014,07:55:40,,,630,2,1,52,125,201,135,64
522,99279,7,A,2,15,26-Apr-2014,07:51:09,60.58972168,-178.11555481,"",401677396,,,0,26-Apr-2014,07:57:10,,,630,2,155,16,126,39,3,127
522,99279,7,A,2,15,26-Apr-2014,07:51:09,60.58972168,-178.11555481,"",401677396,,,0,26-Apr-2014,07:58:40,,,630,2,1,52,126,137,23,65
522,99279,7,A,2,15,26-Apr-2014,07:51:09,60.58972168,-178.11555481,"",401677396,,,0,26-Apr-2014,08:00:10,,,630,2,1,52,126,231,202,32
522,99279,7,L,2,16,26-Apr-2014,07:58:39,60.58805466,-178.11999512,"",401677395,,,0,26-Apr-2014,07:52:40,,,720,2,1,52,125,9,187,64
522,99279,7,L,2,16,26-Apr-2014,07:58:39,60.58805466,-178.11999512,"",401677395,,,0,26-Apr-2014,07:54:10,,,720,2,1,52,125,103,102,33
522,99279,7,L,2,16,26-Apr-2014,07:58:39,60.58805466,-178.11999512,"",401677395,,,0,26-Apr-2014,07:55:40,,,720,2,1,52,125,201,135,64
522,99279,7,L,2,16,26-Apr-2014,07:58:39,60.58805466,-178.11999512,"",401677395,,,0,26-Apr-2014,07:57:10,,,720,2,155,16,126,39,3,127
522,99279,7,L,2,16,26-Apr-2014,07:58:39,60.58805466,-178.11999512,"",401677395,,,0,26-Apr-2014,07:58:40,,,720,2,1,52,126,137,23,65
522,99279,7,L,2,16,26-Apr-2014,07:58:39,60.58805466,-178.11999512,"",401677395,,,0,26-Apr-2014,08:00:10,,,720,2,1,52,126,231,202,32
522,99279,7,L,2,16,26-Apr-2014,07:58:39,60.58805466,-178.11999512,"",401677395,,,0,26-Apr-2014,08:01:40,,,720,2,1,52,128,73,195,112
522,99279,7,L,2,16,26-Apr-2014,07:58:39,60.58805466,-178.11999512,"",401677395,,,0,26-Apr-2014,08:03:10,,,720,2,155,22,128,167,3,131
522,99279,7,L,2,16,26-Apr-2014,07:58:39,60.58805466,-178.11999512,"",401677395,,,0,26-Apr-2014,08:04:40,,,720,2,1,52,129,9,107,112
522,99279,7,B,3,17,26-Apr-2014,08:51:45,60.57860947,-178.12693787,"",401677401,,,0,26-Apr-2014,08:47:57,,,445,0,1,52,139,218,10,161
522,99279,7,B,3,17,26-Apr-2014,08:51:45,60.57860947,-178.12693787,"",401677401,,,0,26-Apr-2014,08:49:43,,,445,0,1,52,140,76,82,64
522,99279,7,B,3,17,26-Apr-2014,08:51:45,60.57860947,-178.12693787,"",401677401,,,0,26-Apr-2014,08:52:05,,,445,0,1,52,140,226,179,33
522,99279,7,B,3,17,26-Apr-2014,08:51:45,60.57860947,-178.12693787,"",401677401,,,0,26-Apr-2014,08:53:43,,,445,0,147,8,141,76,3,163
522,99279,19,B,3,17,26-Apr-2014,08:51:45,60.57860947,-178.12693787,"",401677401,,,0,26-Apr-2014,08:55:22,,,445,4,1,52,141,179,15,213,51,248,98,48,37,160,83,255,253,56,0,0
522,99279,7,R,B,18,26-Apr-2014,09:29:27,60.56583405,-178.13333130,"",401677404,,,0,26-Apr-2014,09:27:58,,,178,0,147,12,150,219,3,179
522,99279,7,R,B,18,26-Apr-2014,09:29:27,60.56583405,-178.13333130,"",401677404,,,0,26-Apr-2014,09:30:56,,,178,0,1,52,151,153,78,87
522,99279,7,A,A,19,26-Apr-2014,09:30:56,60.56000137,-178.13139343,"",401677405,,,0,26-Apr-2014,09:30:56,,,557,0,1,52,151,153,78,87
522,99279,7,A,A,19,26-Apr-2014,09:30:56,60.56000137,-178.13139343,"",401677405,,,0,26-Apr-2014,09:37:22,,,557,0,1,52,153,51,134,117
522,99279,7,A,A,19,26-Apr-2014,09:30:56,60.56000137,-178.13139343,"",401677405,,,0,26-Apr-2014,09:40:13,,,557,0,139,14,153,234,3,183
522,99279,3,L,2,20,26-Apr-2014,09:42:36,60.55472183,-178.12693787,"",401677405,,,0,26-Apr-2014,09:35:08,,,592,0,5,52
522,99279,7,L,2,20,26-Apr-2014,09:42:36,60.55472183,-178.12693787,"",401677405,,,0,26-Apr-2014,09:37:22,,,592,0,1,52,153,51,134,117
522,99279,7,L,2,20,26-Apr-2014,09:42:36,60.55472183,-178.12693787,"",401677405,,,0,26-Apr-2014,09:40:13,,,592,0,139,14,153,234,3,183
522,99279,7,L,2,20,26-Apr-2014,09:42:36,60.55472183,-178.12693787,"",401677405,,,0,26-Apr-2014,09:45:00,,,592,0,1,52,155,29,55,20
522,99279,31,B,B,21,26-Apr-2014,10:30:02,60.54055405,-178.13694763,"",401677402,,,0,26-Apr-2014,10:30:03,,,,189,165,205,52,169,62,8,168,33,114,123,60,192,14,19,28,140,152,1,209,64,200,96,5,163,196,119,48,157,159,243
522,99279,31,R,B,22,26-Apr-2014,11:08:50,60.53250122,-178.13888550,"",401677396,,,1,26-Apr-2014,11:09:48,,,,189,37,201,52,41,62,8,136,33,114,123,60,192,14,19,28,140,152,1,209,64,200,96,5,163,196,82,0,86,159,64
522,99279,31,A,B,23,26-Apr-2014,11:17:58,60.53305435,-178.13777161,"",401677398,,,0,26-Apr-2014,11:17:58,,,,189,37,201,52,41,62,8,136,33,114,123,60,192,14,19,28,140,152,1,209,64,200,96,5,163,196,82,0,86,159,64
522,99279,31,P,A,24,26-Apr-2014,11:20:56,60.52639008,-178.12306213,"",401677409,,,0,26-Apr-2014,11:17:58,,,341,189,33,201,52,41,62,8,136,33,114,123,60,192,14,19,28,140,152,1,209,64,200,96,5,163,132,82,0,86,159,64
522,99279,31,P,A,24,26-Apr-2014,11:20:56,60.52639008,-178.12306213,"",401677409,,,0,26-Apr-2014,11:21:13,,,341,189,37,201,52,41,62,8,136,33,114,123,60,192,14,19,28,140,152,1,209,64,200,96,5,163,196,82,0,86,159,64
522,99279,31,P,A,24,26-Apr-2014,11:20:56,60.52639008,-178.12306213,"",401677409,,,0,26-Apr-2014,11:23:39,,,341,189,37,201,52,41,62,8,136,33,114,123,28,192,14,19,28,140,152,1,209,64,200,96,5,163,196,82,0,86,159,192
522,99279,31,R,B,25,26-Apr-2014,12:45:04,60.49916840,-178.12777710,"",401677389,,,0,26-Apr-2014,12:45:04,,,,189,37,201,52,40,62,8,136,33,114,91,60,128,14,19,28,140,152,1,209,64,200,96,5,163,196,82,0,86,159,64
522,99279,31,P,2,26,26-Apr-2014,13:01:32,60.47527695,-178.07167053,"",401677403,,,3,26-Apr-2014,13:09:06,,,,189,37,201,52,41,62,8,136,33,114,123,60,192,14,19,28,140,152,1,209,64,200,96,5,163,196,82,0,86,159,64
522,99279,31,P,B,27,27-Apr-2014,00:34:43,60.25305557,-178.12055969,"",401677395,,,0,27-Apr-2014,00:34:44,,,,188,44,169,53,106,130,150,131,192,92,3,228,38,2,160,40,56,68,5,128,81,128,136,12,128,162,1,16,22,0,0
522,99279,31,A,B,28,27-Apr-2014,01:00:32,60.46250153,-178.07110596,"",401677394,,,0,27-Apr-2014,01:00:32,,,,179,73,121,53,66,66,158,67,64,88,5,13,3,128,184,10,18,9,1,96,20,176,34,2,192,41,80,52,6,0,0
522,99279,31,P,B,29,27-Apr-2014,02:26:32,60.37972260,-178.08778381,"",401677370,,,0,27-Apr-2014,02:26:33,,,,181,203,89,53,10,129,207,52,193,96,15,129,246,11,128,161,113,112,21,0,112,140,64,160,10,154,23,10,0,192,0
522,99279,31,L,B,30,27-Apr-2014,02:46:23,60.39166641,-178.06639099,"",401677321,,,0,27-Apr-2014,02:46:24,,,,181,162,25,52,241,193,111,58,129,144,21,180,46,4,0,43,92,100,6,192,26,198,200,44,1,4,140,148,140,16,0
522,99279,31,K,B,31,27-Apr-2014,05:23:16,60.31222153,-178.08305359,"",401677310,,,0,27-Apr-2014,05:23:17,,,,183,44,153,54,22,194,152,68,64,112,5,46,136,129,88,4,164,154,5,0,84,208,136,14,0,118,72,176,108,0,0
522,99279,31,N,B,32,27-Apr-2014,05:23:16,60.29166794,-178.07972717,"",401677354,,,0,27-Apr-2014,05:23:17,,,,183,44,153,54,22,194,152,68,64,112,5,46,136,129,88,4,164,154,5,0,84,208,136,14,0,118,72,176,108,0,0
522,99279,31,R,B,33,27-Apr-2014,10:35:07,60.21055603,-178.07444763,"",401677275,,,0,27-Apr-2014,10:35:07,,,,181,203,89,53,10,129,207,52,193,96,15,129,246,11,128,161,113,112,21,0,112,141,5,211,210,149,34,6,69,253,139
522,99279,31,P,B,34,27-Apr-2014,14:29:40,59.91638947,-178.02972412,"",401677415,,,0,27-Apr-2014,14:29:41,,,,180,119,233,53,93,66,150,132,192,92,3,192,22,2,192,40,8,44,5,192,81,224,104,11,0,160,128,208,24,0,0
522,99279,31,K,B,35,27-Apr-2014,17:22:22,59.75166702,-178.02833557,"",401677451,,,0,27-Apr-2014,17:22:23,,,,188,129,233,52,208,249,140,16,81,6,157,48,17,250,9,5,64,14,104,81,140,64,43,162,155,96,0,19,133,144,0
522,99279,23,N,B,36,27-Apr-2014,17:32:05,60.00500107,-177.96360779,"",401677462,,,0,27-Apr-2014,17:32:05,,,,234,184,73,52,38,0,6,73,249,43,137,121,0,80,161,2,69,6,4,0,32,16,32
522,99279,31,K,Z,37,27-Apr-2014,19:02:44,59.83805466,-177.91638184,"",401677301,,,0,27-Apr-2014,19:02:44,,,,187,191,201,55,3,0,228,8,129,80,20,38,62,3,226,168,16,114,71,16,54,34,224,56,1,80,166,193,225,0,1
522,99279,31,N,B,38,27-Apr-2014,19:14:15,59.68277740,-177.29417419,"",401677405,,,0,27-Apr-2014,19:13:53,,,45,182,35,249,54,242,0,194,46,65,16,8,33,130,9,0,82,38,32,84,2,44,5,2,128,15,64,168,20,0,0,0
522,99279,31,N,B,38,27-Apr-2014,19:14:15,59.68277740,-177.29417419,"",401677405,,,0,27-Apr-2014,19:14:38,,,45,189,226,217,54,235,192,248,40,67,0,195,133,34,8,136,50,10,49,60,65,88,112,130,32,20,107,50,4,201,54,109
522,99279,31,A,B,39,27-Apr-2014,19:42:21,59.90944290,-177.95750427,"",401677479,,,0,27-Apr-2014,19:42:22,,,,190,141,201,54,216,0,220,8,66,160,134,0,50,11,128,65,3,144,80,2,104,28,130,224,13,193,164,21,0,0,0
522,99279,31,K,Z,40,27-Apr-2014,20:43:01,59.58416748,-177.83305359,"",401677270,,,0,27-Apr-2014,20:43:01,,,,186,114,57,54,195,0,221,20,70,160,194,193,160,14,0,36,140,5,106,16,64,158,7,152,193,32,208,8,64,0,0
522,99279,23,A,B,41,27-Apr-2014,21:24:17,59.76638794,-177.88945007,"",401677357,,,0,27-Apr-2014,21:24:17,,,,234,184,73,52,38,0,6,73,249,43,137,121,0,80,161,2,69,6,4,0,32,16,32
522,99279,31,L,B,42,27-Apr-2014,21:32:55,59.57500076,-177.37889099,"",401677453,,,0,27-Apr-2014,21:32:55,,,322,179,172,9,54,179,129,41,22,129,96,11,200,86,11,0,99,195,48,80,2,162,1,130,224,16,113,68,41,28,0,0
522,99279,31,L,B,42,27-Apr-2014,21:32:55,59.57500076,-177.37889099,"",401677453,,,0,27-Apr-2014,21:38:17,,,322,189,235,217,54,171,0,164,48,3,128,194,113,160,16,0,121,195,64,116,0,200,96,40,185,1,164,240,10,3,0,0
522,99279,31,B,B,43,27-Apr-2014,22:10:59,59.57500076,-177.37889099,"",401677398,,,0,27-Apr-2014,22:11:00,,,558,176,155,153,54,139,1,50,0,129,0,9,113,178,8,128,81,138,16,68,2,66,92,130,64,18,161,228,19,8,0,0
522,99279,23,B,B,43,27-Apr-2014,22:10:59,59.57500076,-177.37889099,"",401677398,,,0,27-Apr-2014,22:20:18,,,558,234,184,73,52,38,0,6,73,249,43,137,121,0,80,161,2,69,6,4,0,32,16,32
522,99279,23,K,B,44,27-Apr-2014,22:20:18,59.57500076,-177.33666992,"",401677372,,,0,27-Apr-2014,22:20:18,,,,234,184,73,52,38,0,6,73,249,43,137,121,0,80,161,2,69,6,4,0,32,16,32
522,99279,31,P,B,45,27-Apr-2014,22:56:32,59.57500076,-177.37750244,"",401677382,,,0,27-Apr-2014,22:56:33,,,,181,145,105,55,121,193,106,14,193,112,22,0,30,2,224,23,92,244,191,23,106,221,212,126,54,150,97,100,210,36,65
522,99279,31,A,B,46,27-Apr-2014,22:56:32,59.57472229,-177.30888367,"",401677390,,,0,27-Apr-2014,22:56:33,,,,181,145,105,54,121,193,106,14,193,112,22,0,30,2,176,29,95,59,250,255,4,126,219,160,7,172,44,65,68,34,4
522,99279,31,L,B,47,27-Apr-2014,23:15:20,59.57444382,-177.31277466,"",401677389,,,0,27-Apr-2014,23:13:20,,,241,185,208,25,54,113,0,129,14,129,144,20,58,30,16,3,15,160,72,20,0,174,134,96,168,5,132,67,5,192,0,0
522,99279,31,L,B,47,27-Apr-2014,23:15:20,59.57444382,-177.31277466,"",401677389,,,0,27-Apr-2014,23:17:21,,,241,188,172,217,54,102,193,12,160,129,64,11,41,132,10,0,88,133,32,68,2,198,53,2,224,41,184,60,5,64,0,0
522,99279,31,N,B,48,28-Apr-2014,00:09:46,59.57389069,-177.30944824,"",401677357,,,0,28-Apr-2014,00:09:47,,,,183,107,153,54,66,0,230,16,129,96,11,17,20,10,128,80,77,32,76,2,212,29,2,96,24,193,104,19,0,0,0
522,99279,31,L,B,49,28-Apr-2014,00:54:09,59.57500076,-177.22805786,"",401677386,,,0,28-Apr-2014,00:54:10,,,,177,206,41,54,55,129,115,20,209,64,11,160,70,7,0,71,195,176,80,3,180,92,194,224,30,48,240,68,8,0,0
522,99279,31,A,B,50,28-Apr-2014,02:17:02,59.57333374,-177.18638611,"",401677389,,,0,28-Apr-2014,02:17:02,,,,179,234,233,53,119,194,134,4,64,56,1,188,25,2,32,16,224,232,17,1,65,199,216,44,2,141,4,64,104,0,2
522,99279,7,L,B,51,28-Apr-2014,04:17:40,59.57500076,-177.13082886,"",401677394,,,0,28-Apr-2014,04:17:41,,,,0,1,56,68,71,241,31
522,99279,31,K,B,52,28-Apr-2014,04:50:47,59.35444260,-176.99305725,"",401677394,,,0,28-Apr-2014,04:50:03,,,90,187,116,9,56,45,1,50,2,129,16,8,224,20,8,128,79,1,32,88,3,162,46,1,224,16,192,40,16,0,0,0
522,99279,31,K,B,52,28-Apr-2014,04:50:47,59.35444260,-176.99305725,"",401677394,,,0,28-Apr-2014,04:51:33,,,90,180,75,249,56,38,193,6,8,128,240,8,112,68,6,128,45,129,160,48,8,187,9,196,141,122,164,4,162,0,0,1
522,99279,31,R,B,53,28-Apr-2014,05:11:16,59.56666565,-177.07943726,"",401677464,,,0,28-Apr-2014,05:08:11,,,371,184,211,233,56,6,129,38,28,128,240,7,112,20,8,0,103,67,192,88,2,48,21,1,192,16,32,232,15,128,0,0
522,99279,31,R,B,53,28-Apr-2014,05:11:16,59.56666565,-177.07943726,"",401677464,,,0,28-Apr-2014,05:14:22,,,371,187,204,217,56,0,1,46,174,193,80,6,224,36,10,128,108,68,192,64,1,156,5,1,192,15,128,72,21,0,0,0
522,99279,31,A,B,54,28-Apr-2014,05:35:59,59.36972046,-177.00971985,"",401677405,,,0,28-Apr-2014,05:35:37,,,45,181,213,25,55,81,65,196,23,1,128,7,128,116,10,128,74,132,32,96,3,220,42,2,224,17,193,40,23,0,0,0
522,99279,31,A,B,54,28-Apr-2014,05:35:59,59.36972046,-177.00971985,"",401677405,,,0,28-Apr-2014,05:36:22,,,45,178,39,169,55,72,64,232,14,129,48,9,144,148,10,0,81,24,188,7,98,230,1,240,93,74,167,17,69,163,101,219
522,99279,31,L,B,55,28-Apr-2014,05:48:48,59.31388855,-177.05639648,"",401677391,,,0,28-Apr-2014,05:48:48,,,406,181,166,249,55,44,194,165,139,64,172,5,34,23,128,228,1,240,241,7,160,84,209,152,17,128,242,134,194,165,28,118
522,99279,31,L,B,55,28-Apr-2014,05:48:48,59.31388855,-177.05639648,"",401677391,,,0,28-Apr-2014,05:55:34,,,406,176,56,217,55,35,192,229,42,129,96,7,144,68,10,128,69,131,32,112,5,6,19,128,240,10,97,43,2,16,0,0
522,99279,31,R,B,56,28-Apr-2014,06:53:09,59.31444550,-177.05639648,"",401677398,,,0,28-Apr-2014,06:53:09,,,,185,123,233,54,229,128,200,14,65,160,5,176,130,11,128,67,8,16,72,2,116,104,130,32,19,162,68,19,0,0,0
522,99279,31,A,1,57,28-Apr-2014,07:08:38,59.29861069,-177.05917358,"",401677397,,,0,28-Apr-2014,07:06:53,,,277,190,141,201,54,216,0,220,8,66,160,134,0,50,11,128,65,3,144,80,2,104,28,130,224,13,193,164,21,0,0,0
522,99279,31,A,1,57,28-Apr-2014,07:08:38,59.29861069,-177.05917358,"",401677397,,,0,28-Apr-2014,07:07:41,,,277,178,56,249,54,210,128,172,2,67,224,196,32,66,8,128,74,3,144,124,1,212,20,130,96,209,3,166,92,123,81,177
522,99279,31,A,1,57,28-Apr-2014,07:08:38,59.29861069,-177.05917358,"",401677397,,,0,28-Apr-2014,07:08:31,,,277,191,150,89,54,204,64,80,52,0,66,129,225,32,78,144,54,143,0,88,1,192,27,56,91,254,0,37,250,61,116,120
522,99279,31,A,1,57,28-Apr-2014,07:08:38,59.29861069,-177.05917358,"",401677397,,,0,28-Apr-2014,07:11:30,,,277,186,114,57,54,195,0,221,20,70,160,194,193,160,14,0,36,140,5,106,16,64,159,129,131,52,57,149,152,152,192,154
522,99279,27,L,B,58,28-Apr-2014,07:32:58,59.32389069,-176.90666199,"",401677388,,,0,28-Apr-2014,07:28:23,,,275,232,159,185,54,6,12,0,16,0,0,1,0,0,0,16,96,64,130,2,0,0,0,128,1,2,2,0
522,99279,31,L,B,58,28-Apr-2014,07:32:58,59.32389069,-176.90666199,"",401677388,,,0,28-Apr-2014,07:32:58,,,275,189,235,217,54,171,0,164,48,3,128,194,81,155,176,254,106,86,133,181,228,14,110,12,53,101,81,179,8,65,254,239
522,99279,31,R,2,59,28-Apr-2014,08:29:08,59.25500107,-177.08277893,"",401677394,,,0,28-Apr-2014,08:24:40,,,645,176,155,153,54,139,1,50,0,129,0,9,113,178,8,128,83,202,16,68,2,66,92,130,64,2,161,228,83,8,0,0
522,99279,31,R,2,59,28-Apr-2014,08:29:08,59.25500107,-177.08277893,"",401677394,,,0,28-Apr-2014,08:25:29,,,645,187,56,137,54,133,128,251,12,129,96,2,241,226,0,0,50,1,160,72,2,168,5,2,0,17,227,196,17,0,0,0
522,99279,31,R,2,59,28-Apr-2014,08:29:08,59.25500107,-177.08277893,"",401677394,,,0,28-Apr-2014,08:26:42,,,645,181,145,105,54,121,193,106,14,193,112,22,0,30,2,160,29,16,208,44,0,115,2,64,152,7,236,44,5,64,0,0
522,99279,23,R,2,59,28-Apr-2014,08:29:08,59.25500107,-177.08277893,"",401677394,,,0,28-Apr-2014,08:28:21,,,645,234,184,73,52,38,0,6,73,249,43,137,121,0,80,161,2,69,6,4,0,32,16,32
522,99279,31,R,2,59,28-Apr-2014,08:29:08,59.25500107,-177.08277893,"",401677394,,,0,28-Apr-2014,08:30:21,,,645,185,208,25,54,113,0,161,14,129,144,20,58,30,16,3,15,160,72,20,0,175,2,120,168,30,207,138,86,204,128,11
522,99279,31,R,2,59,28-Apr-2014,08:29:08,59.25500107,-177.08277893,"",401677394,,,0,28-Apr-2014,08:33:00,,,645,188,172,217,54,102,193,12,160,129,64,11,41,132,10,0,88,133,32,68,2,198,53,2,224,41,184,60,5,64,0,0
522,99279,31,R,2,59,28-Apr-2014,08:29:08,59.25500107,-177.08277893,"",401677394,,,0,28-Apr-2014,08:35:25,,,645,188,113,153,54,93,128,192,14,129,80,12,112,196,11,0,96,134,160,88,5,72,7,128,208,2,48,34,5,64,0,0
522,99279,31,A,3,60,28-Apr-2014,08:48:52,59.24777603,-177.08361816,"",401677392,,,0,28-Apr-2014,08:47:29,,,671,181,15,169,54,45,65,126,32,129,48,11,48,164,10,128,165,209,16,21,0,155,11,64,152,5,76,194,4,192,0,0
522,99279,31,A,3,60,28-Apr-2014,08:48:52,59.24777603,-177.08361816,"",401677392,,,0,28-Apr-2014,08:50:15,,,671,179,185,137,54,36,2,145,68,64,104,2,96,37,2,160,21,129,136,21,0,200,15,64,152,5,144,82,5,0,0,0
522,99279,31,A,3,60,28-Apr-2014,08:48:52,59.24777603,-177.08361816,"",401677392,,,0,28-Apr-2014,08:53:39,,,671,191,227,185,54,11,65,98,36,193,208,13,248,24,13,128,109,75,48,104,5,35,8,129,201,101,160,210,5,128,0,0
522,99279,31,A,3,60,28-Apr-2014,08:48:52,59.24777603,-177.08361816,"",401677392,,,0,28-Apr-2014,08:56:03,,,671,183,26,137,54,2,129,236,17,1,128,12,88,120,80,6,49,200,160,96,1,150,1,131,32,18,33,44,24,0,0,0
522,99279,31,A,3,60,28-Apr-2014,08:48:52,59.24777603,-177.08361816,"",401677392,,,0,28-Apr-2014,08:58:40,,,671,179,234,233,53,119,194,134,4,64,56,1,188,25,2,32,16,224,232,17,116,132,8,20,115,175,3,75,158,94,199,188
522,99279,31,L,B,61,28-Apr-2014,09:09:16,59.23749924,-177.06500244,"",401677394,,,0,28-Apr-2014,09:09:16,,,191,180,119,233,53,93,66,150,132,192,92,3,192,22,2,192,40,8,44,5,192,81,224,104,11,0,160,128,208,24,0,0
522,99279,31,L,B,61,28-Apr-2014,09:09:16,59.23749924,-177.06500244,"",401677394,,,0,28-Apr-2014,09:12:27,,,191,180,150,201,53,80,130,142,132,192,84,5,37,5,128,184,10,120,15,1,96,20,8,26,2,160,40,96,52,5,192,0
522,99279,31,B,B,62,28-Apr-2014,09:50:08,59.28749847,-177.06694031,"",401677355,,,0,28-Apr-2014,09:50:09,,,,176,234,105,52,145,56,238,248,67,12,50,48,0,22,166,24,6,98,94,48,185,9,7,59,4,16,144,65,60,25,158
522,99279,31,R,B,63,28-Apr-2014,10:06:35,59.23027802,-177.10249329,"",401677392,,,0,28-Apr-2014,10:05:38,,,115,182,25,9,56,120,65,96,12,131,104,2,241,194,39,128,54,13,0,60,17,240,88,134,0,17,2,196,21,40,0,4
522,99279,31,R,B,63,28-Apr-2014,10:06:35,59.23027802,-177.10249329,"",401677392,,,0,28-Apr-2014,10:07:33,,,115,186,10,105,56,114,0,168,60,65,48,11,73,214,9,128,62,129,160,60,2,12,1,2,32,16,160,40,19,0,0,0
522,99279,31,A,B,64,28-Apr-2014,10:31:49,59.28444290,-177.08111572,"",401677365,,,0,28-Apr-2014,10:31:50,,,322,189,5,217,56,15,62,96,64,128,129,204,228,54,253,80,122,80,25,164,116,227,122,144,123,109,187,235,203,233,252,197
522,99279,31,A,B,64,28-Apr-2014,10:31:49,59.28444290,-177.08111572,"",401677365,,,0,28-Apr-2014,10:37:12,,,322,191,136,73,120,61,65,187,19,0,169,9,240,20,19,20,63,128,128,68,9,136,5,3,132,137,131,100,16,0,0,0
522,99279,23,P,A,65,28-Apr-2014,12:40:26,59.17499924,-177.10527039,"",401677395,,,0,28-Apr-2014,12:38:41,,,391,234,184,73,52,46,25,140,151,26,202,141,112,120,49,161,2,69,6,4,0,32,16,32
522,99279,31,P,A,65,28-Apr-2014,12:40:26,59.17499924,-177.10527039,"",401677395,,,0,28-Apr-2014,12:42:12,,,391,179,172,9,54,179,129,41,22,129,96,11,200,86,11,0,99,195,48,80,2,162,1,130,224,16,113,68,41,28,0,0
522,99279,31,P,A,65,28-Apr-2014,12:40:26,59.17499924,-177.10527039,"",401677395,,,0,28-Apr-2014,12:45:12,,,391,189,235,217,54,171,0,164,48,3,128,194,113,160,16,0,121,195,64,116,0,200,96,40,185,1,164,240,10,3,0,0
522,99279,31,R,B,66,28-Apr-2014,13:25:00,59.16027832,-177.11193848,"",401677393,,,0,28-Apr-2014,13:25:00,,,,176,18,169,54,84,129,18,20,129,80,9,176,100,10,0,95,6,160,88,2,220,41,2,192,41,124,60,5,64,0,0
522,99279,31,N,B,67,28-Apr-2014,13:57:03,59.15999985,-177.11111450,"",401677405,,,0,28-Apr-2014,13:57:04,,,,191,227,185,54,11,65,98,36,193,208,13,248,24,13,128,109,75,48,104,5,35,8,129,201,101,160,210,5,128,0,0
522,99279,31,P,1,68,28-Apr-2014,14:17:37,59.12472153,-177.11721802,"",401677395,,,0,28-Apr-2014,14:17:38,,,737,180,150,201,53,80,130,142,132,192,84,5,37,5,128,184,10,120,15,1,96,20,8,26,2,160,40,96,52,5,192,0
522,99279,31,P,1,68,28-Apr-2014,14:17:37,59.12472153,-177.11721802,"",401677395,,,0,28-Apr-2014,14:24:01,,,737,186,15,153,53,53,193,216,5,1,64,15,176,88,10,128,160,192,112,30,1,64,193,96,42,2,134,129,64,92,0,0
522,99279,31,P,1,68,28-Apr-2014,14:17:37,59.12472153,-177.11721802,"",401677395,,,0,28-Apr-2014,14:26:59,,,737,187,122,89,53,45,65,47,62,193,96,13,104,88,10,128,88,77,48,72,0,142,20,129,224,25,112,80,23,0,0,0
522,99279,31,P,1,68,28-Apr-2014,14:17:37,59.12472153,-177.11721802,"",401677395,,,0,28-Apr-2014,14:29:55,,,737,186,152,9,53,30,2,136,133,192,104,5,47,11,128,200,10,20,13,1,128,15,128,88,10,0,191,1,80,18,0,0
522,99279,31,R,B,69,28-Apr-2014,16:35:33,59.12388992,-177.11389160,"",401677377,,,0,28-Apr-2014,16:35:33,,,,188,238,249,56,183,129,208,162,200,66,75,201,182,58,130,35,137,9,6,32,3,199,194,237,59,14,210,121,192,64,1
522,99279,23,K,B,70,28-Apr-2014,17:03:23,59.06777954,-177.14222717,"",401677416,,,0,28-Apr-2014,17:03:23,,,,234,184,73,52,38,0,6,73,249,43,137,121,0,80,161,2,69,6,4,0,32,16,32
522,99279,31,K,A,71,28-Apr-2014,18:36:42,58.96916580,-177.11944580,"",401677391,,,0,28-Apr-2014,18:36:42,,,540,189,5,217,56,68,128,96,0,131,83,198,89,84,8,128,55,142,145,116,224,246,124,130,96,10,114,72,26,0,0,0
522,99279,31,K,A,71,28-Apr-2014,18:36:42,58.96916580,-177.11944580,"",401677391,,,0,28-Apr-2014,18:41:44,,,540,181,128,169,56,53,193,6,4,128,224,8,128,68,9,0,126,5,192,64,2,8,13,6,72,78,128,192,200,111,250,4
522,99279,23,K,A,71,28-Apr-2014,18:36:42,58.96916580,-177.11944580,"",401677391,,,0,28-Apr-2014,18:45:42,,,540,234,184,73,52,38,0,6,73,249,43,137,121,0,80,161,2,69,6,4,0,32,16,32
522,99279,31,N,B,72,28-Apr-2014,18:58:24,58.95527649,-177.12083435,"",401677389,,,0,28-Apr-2014,18:58:24,,,,180,75,249,56,38,193,6,8,128,240,8,112,68,6,128,45,129,160,48,2,152,13,1,224,19,0,72,17,0,0,0
522,99279,31,A,B,73,28-Apr-2014,19:19:40,58.98833466,-177.16667175,"",401677412,,,0,28-Apr-2014,19:19:40,,,,190,29,217,56,30,1,122,18,129,80,15,144,184,9,128,3,1,160,44,1,126,53,2,128,22,104,204,15,0,0,0
522,99279,31,L,A,74,28-Apr-2014,19:40:16,58.95222092,-177.13194275,"",401677411,,,0,28-Apr-2014,19:40:17,,,387,184,211,233,56,6,129,38,28,128,240,7,112,20,8,0,103,67,192,88,2,48,21,1,192,16,32,232,15,128,0,0
522,99279,31,L,A,74,28-Apr-2014,19:40:16,58.95222092,-177.13194275,"",401677411,,,0,28-Apr-2014,19:43:07,,,387,187,204,217,56,0,1,46,174,193,80,6,224,36,10,128,108,68,192,64,1,156,5,1,192,15,128,72,21,0,0,0
522,99279,27,L,A,74,28-Apr-2014,19:40:16,58.95222092,-177.13194275,"",401677411,,,0,28-Apr-2014,19:46:44,,,387,232,159,185,54,6,12,0,16,0,0,1,0,0,0,16,96,64,130,2,0,0,0,128,1,2,2,0
522,99279,31,P,B,75,28-Apr-2014,20:56:56,58.91500092,-177.14805603,"",401677388,,,0,28-Apr-2014,20:56:57,,,,179,126,249,55,64,192,230,14,129,16,6,176,116,10,128,117,8,64,84,1,176,41,2,160,26,113,208,18,0,0,0
522,99279,31,A,B,76,28-Apr-2014,21:05:35,58.94222260,-177.15055847,"",401677400,,,0,28-Apr-2014,20:56:57,,,,179,126,249,55,64,192,230,14,129,16,6,176,116,10,128,117,8,64,84,1,176,41,2,160,26,113,208,18,0,0,0
522,99279,23,A,B,77,28-Apr-2014,21:05:35,58.94027710,-177.12666321,"",401677402,,,0,28-Apr-2014,21:05:36,,,,234,184,73,52,38,0,6,73,249,43,137,121,0,80,161,2,69,6,4,0,32,16,32
522,99279,31,B,A,78,28-Apr-2014,21:50:27,58.88805389,-177.18916321,"",401677394,,,0,28-Apr-2014,21:50:27,,,481,181,166,249,55,44,194,165,139,64,172,5,34,23,128,228,1,240,241,7,160,84,209,152,17,128,125,76,192,168,0,0
522,99279,31,B,A,78,28-Apr-2014,21:50:27,58.88805389,-177.18916321,"",401677394,,,0,28-Apr-2014,21:57:42,,,481,176,56,217,55,35,192,229,42,129,96,7,144,68,10,128,69,131,32,112,5,6,19,128,240,10,97,43,2,16,0,0
522,99279,31,B,A,78,28-Apr-2014,21:50:27,58.88805389,-177.18916321,"",401677394,,,0,28-Apr-2014,21:58:28,,,481,181,124,249,55,22,192,251,46,129,96,13,24,248,10,128,231,130,16,24,0,78,1,64,184,2,148,8,134,225,201,93
522,99279,31,N,B,79,28-Apr-2014,22:19:21,58.94027710,-177.12889099,"",401677405,,,0,28-Apr-2014,22:19:21,,,,182,35,249,54,242,0,194,46,65,16,10,33,130,9,0,82,38,32,84,2,44,5,2,128,15,64,168,20,0,0,0
522,99279,31,P,B,80,28-Apr-2014,22:38:28,58.92750168,-177.18638611,"",401677373,,,0,28-Apr-2014,22:38:29,,,,178,56,249,54,210,128,172,2,67,224,196,32,66,8,128,74,3,144,124,1,212,20,130,96,13,177,36,21,0,0,0
522,99279,31,A,B,81,28-Apr-2014,22:38:28,58.93055725,-177.18833923,"",401677402,,,0,28-Apr-2014,22:38:29,,,428,178,56,249,54,210,128,172,2,67,224,196,32,66,8,128,74,3,144,124,1,212,20,130,96,13,177,36,21,0,0,0
522,99279,23,A,B,81,28-Apr-2014,22:38:28,58.93055725,-177.18833923,"",401677402,,,0,28-Apr-2014,22:45:37,,,428,234,184,73,52,38,0,6,73,249,43,137,121,0,80,161,2,69,6,4,0,32,16,32
522,99279,31,L,B,82,28-Apr-2014,23:01:17,58.88444519,-177.15943909,"",401677395,,,0,28-Apr-2014,23:01:18,,,534,183,199,121,54,157,192,164,2,66,16,1,240,18,26,86,16,170,17,24,0,220,104,3,32,7,0,6,33,0,32,0
522,99279,31,L,B,82,28-Apr-2014,23:01:17,58.88444519,-177.15943909,"",401677395,,,0,28-Apr-2014,23:10:12,,,534,176,88,201,54,147,65,6,24,65,80,3,101,98,55,2,43,131,16,92,1,176,32,130,96,5,96,228,3,0,0,0
522,99279,31,N,B,83,28-Apr-2014,23:57:48,58.93583298,-177.12861633,"",401677392,,,0,28-Apr-2014,23:57:49,,,,176,155,153,54,139,1,50,0,129,0,9,113,178,8,128,81,138,16,68,2,66,92,130,64,18,161,228,19,8,0,0
522,99279,27,L,B,84,29-Apr-2014,05:38:08,58.87944412,-177.16000366,"",401677347,,,0,29-Apr-2014,05:38:09,,,,232,159,185,54,6,12,0,16,0,0,1,0,0,0,16,96,64,130,2,0,0,0,128,1,2,2,0
522,99279,31,K,B,85,29-Apr-2014,06:08:10,58.87916565,-177.16111755,"",401677356,,,0,29-Apr-2014,06:08:11,,,,181,162,25,52,241,193,111,58,129,144,21,180,46,4,0,43,92,100,6,192,26,198,200,44,5,4,140,148,140,16,0
522,99279,31,R,B,86,29-Apr-2014,06:23:02,58.70666504,-177.19749451,"",401677392,,,0,29-Apr-2014,06:19:35,,,414,177,142,57,52,233,120,48,1,44,153,20,172,128,184,8,130,224,9,66,128,21,0,37,24,2,80,3,136,18,6,1
522,99279,23,R,B,86,29-Apr-2014,06:23:02,58.70666504,-177.19749451,"",401677392,,,0,29-Apr-2014,06:26:29,,,414,234,184,73,52,38,0,6,73,249,43,137,121,0,80,161,2,69,6,4,0,32,16,32
522,99279,31,B,B,87,29-Apr-2014,07:48:47,58.70583344,-177.19194031,"",401677375,,,0,29-Apr-2014,07:48:47,,,,176,82,25,58,109,65,54,22,129,16,10,192,180,8,128,63,171,32,76,2,252,29,2,32,19,129,168,20,0,0,0
522,99279,31,A,A,88,29-Apr-2014,08:27:08,58.66333389,-177.22694397,"",401677386,,,0,29-Apr-2014,08:27:09,,,536,181,247,153,58,51,193,164,22,129,64,20,152,22,2,160,15,176,80,98,11,72,137,105,160,79,225,119,2,158,58,2
522,99279,31,A,A,88,29-Apr-2014,08:27:08,58.66333389,-177.22694397,"",401677386,,,0,29-Apr-2014,08:35:21,,,536,177,184,105,58,41,192,176,20,129,16,8,64,148,23,10,74,3,160,84,5,19,5,128,192,10,44,11,1,128,0,93
522,99279,31,A,A,88,29-Apr-2014,08:27:08,58.66333389,-177.22694397,"",401677386,,,0,29-Apr-2014,08:36:05,,,536,179,209,89,58,34,129,82,16,128,240,10,192,212,8,128,78,132,32,72,2,200,41,2,128,11,114,200,31,44,0,0
522,99279,31,L,A,89,29-Apr-2014,09:02:42,58.63333511,-177.21221924,"",401677391,,,0,29-Apr-2014,08:55:44,,,547,181,8,217,57,109,65,137,52,193,192,14,232,8,14,128,69,77,32,72,2,88,49,2,224,41,48,36,5,64,0,0
522,99279,31,L,A,89,29-Apr-2014,09:02:42,58.63333511,-177.21221924,"",401677391,,,0,29-Apr-2014,09:00:34,,,547,179,177,249,57,101,1,55,30,193,184,9,249,6,10,90,91,74,91,75,75,107,107,105,103,232,221,14,175,50,181,193
522,99279,23,L,A,89,29-Apr-2014,09:02:42,58.63333511,-177.21221924,"",401677391,,,0,29-Apr-2014,09:04:51,,,547,234,184,73,52,38,0,6,73,249,43,137,121,0,80,161,2,69,6,4,0,32,16,32
522,99279,31,B,B,90,29-Apr-2014,09:23:31,58.63333511,-177.21221924,"",401677390,,,0,29-Apr-2014,09:23:32,,,,187,64,233,57,76,64,216,20,129,32,6,80,180,8,128,50,6,160,236,209,70,61,2,32,10,1,232,25,28,0,0
522,99279,31,R,B,91,29-Apr-2014,09:37:28,58.62305450,-177.21417236,"",401677395,,,0,29-Apr-2014,09:35:44,,,209,190,101,201,57,54,1,201,11,15,242,4,104,68,10,64,41,193,32,84,1,232,9,3,32,29,160,176,24,0,0,0
522,99279,27,R,B,91,29-Apr-2014,09:37:28,58.62305450,-177.21417236,"",401677395,,,0,29-Apr-2014,09:39:13,,,209,229,196,137,56,6,4,0,0,4,5,129,4,48,88,193,66,196,5,4,4,8,96,96,129,9,6,0
522,99279,31,P,B,92,29-Apr-2014,12:31:50,58.53527832,-177.23805237,"",401677389,,,0,29-Apr-2014,12:31:28,,,44,186,10,105,56,114,0,168,60,65,48,11,73,214,9,128,62,129,160,60,2,12,1,2,32,16,160,40,30,9,201,224
522,99279,31,P,B,92,29-Apr-2014,12:31:50,58.53527832,-177.23805237,"",401677389,,,0,29-Apr-2014,12:32:12,,,44,176,15,169,56,105,65,30,60,65,16,8,128,20,8,0,63,0,160,72,2,100,13,2,224,22,177,80,99,0,0,0
522,99279,31,N,B,93,29-Apr-2014,15:26:59,58.50138855,-177.24417114,"",401677374,,,0,29-Apr-2014,15:26:35,,,49,181,8,249,55,120,192,244,14,129,112,9,192,116,11,128,83,196,193,116,176,202,116,130,64,9,114,40,20,0,0,0
522,99279,23,N,B,93,29-Apr-2014,15:26:59,58.50138855,-177.24417114,"",401677374,,,0,29-Apr-2014,15:27:24,,,49,234,184,73,52,38,0,6,73,249,43,137,121,0,80,161,2,69,6,4,0,32,16,32
522,99279,31,K,B,94,29-Apr-2014,16:40:23,58.47083282,-177.26055908,"",401677398,,,0,29-Apr-2014,16:40:24,,,,178,39,169,55,72,64,232,14,129,48,9,144,148,10,0,81,4,32,84,2,148,41,2,192,31,65,112,29,0,0,0
522,99279,31,P,B,95,29-Apr-2014,17:28:12,58.46861267,-177.26445007,"",401677410,,,0,29-Apr-2014,17:28:13,,,,181,166,249,55,44,194,165,139,64,172,5,34,23,128,228,1,240,241,7,160,85,209,152,17,128,125,76,192,168,0,0
522,99279,31,R,B,96,29-Apr-2014,17:42:30,58.47722244,-177.26194763,"",401677405,,,0,29-Apr-2014,17:42:31,,,,181,124,229,127,84,185,219,92,227,242,126,58,121,22,24,251,153,223,216,64,184,81,239,95,195,47,221,229,79,66,126
522,99279,31,R,B,97,29-Apr-2014,19:27:10,58.43861008,-177.27333069,"",401677408,,,0,29-Apr-2014,19:27:10,,,,191,150,89,54,204,64,80,52,0,66,129,225,32,78,144,54,143,0,88,1,192,8,137,32,133,160,4,29,0,0,0
522,99279,31,L,B,98,29-Apr-2014,21:20:38,58.34972382,-177.31721497,"",401677398,,,0,29-Apr-2014,21:20:16,,,45,187,56,137,54,133,130,250,4,161,96,179,48,195,236,139,143,145,33,212,220,220,152,14,17,147,161,162,39,240,193,7
522,99279,31,L,B,98,29-Apr-2014,21:20:38,58.34972382,-177.31721497,"",401677398,,,0,29-Apr-2014,21:21:01,,,45,181,145,105,54,121,193,106,14,193,112,22,1,30,0,160,29,16,208,44,0,115,2,64,152,7,236,44,5,64,0,0
522,99279,27,A,B,99,29-Apr-2014,22:21:07,58.38916779,-177.28833008,"",401677401,,,0,29-Apr-2014,22:21:08,,,,232,159,57,52,68,108,36,179,24,239,16,122,31,167,112,226,237,173,74,148,14,160,125,220,124,141,64
522,99279,31,P,B,100,29-Apr-2014,22:31:44,58.45916748,-177.29055786,"",401677419,,,0,29-Apr-2014,22:31:22,,,45,177,206,41,54,55,129,115,20,193,64,11,160,70,7,0,71,195,176,80,3,180,77,130,224,30,48,240,68,8,0,0
522,99279,31,P,B,100,29-Apr-2014,22:31:44,58.45916748,-177.29055786,"",401677419,,,0,29-Apr-2014,22:32:07,,,45,181,15,169,54,45,65,126,32,129,48,11,48,164,10,128,165,209,16,21,0,155,11,64,152,5,72,194,4,192,0,0
522,99279,31,L,B,101,29-Apr-2014,22:52:30,58.43861008,-177.31472778,"",401677430,,,0,29-Apr-2014,22:52:30,,,,183,26,137,54,2,129,236,17,1,128,12,88,120,80,6,49,200,160,96,1,150,1,131,32,19,153,92,224,114,247,129
522,99279,31,B,B,102,29-Apr-2014,23:18:51,58.43083191,-177.33305359,"",401677402,,,0,29-Apr-2014,23:18:51,,,,179,234,233,53,119,194,134,4,64,56,1,188,25,2,32,16,224,232,17,1,65,199,221,62,59,85,205,41,29,203,167
522,99279,31,A,B,103,30-Apr-2014,01:35:42,58.38722229,-177.36639404,"",401677417,,,0,30-Apr-2014,01:35:42,,,,188,129,233,52,208,249,140,16,81,6,157,48,17,250,9,5,64,14,104,81,140,64,43,162,147,96,0,19,133,144,0
522,99279,31,L,B,104,30-Apr-2014,02:11:38,58.38305664,-177.36666870,"",401677422,,,0,30-Apr-2014,02:11:16,,,44,189,37,203,16,215,238,119,119,222,141,132,194,127,227,236,195,119,103,254,13,63,55,31,250,88,59,45,255,74,225,181
522,99279,31,L,B,104,30-Apr-2014,02:11:38,58.38305664,-177.36666870,"",401677422,,,0,30-Apr-2014,02:12:00,,,44,189,212,233,60,9,193,253,13,68,69,135,9,135,255,255,255,255,255,255,255,255,255,195,15,224,7,229,231,255,255,255
522,99279,31,K,B,105,30-Apr-2014,02:23:28,58.37861252,-177.38583374,"",401677388,,,0,30-Apr-2014,02:23:28,,,,186,97,41,59,125,193,127,60,193,160,12,89,70,11,128,161,16,52,35,1,69,32,104,70,1,211,61,1,224,0,0
522,99279,31,R,B,106,30-Apr-2014,04:08:13,58.34500122,-177.40028381,"",401677398,,,0,30-Apr-2014,04:08:14,,,,186,176,25,59,49,2,156,1,80,88,0,164,41,3,33,40,36,228,6,128,60,6,32,100,1,246,55,2,0,0,0
522,99279,31,K,B,107,30-Apr-2014,04:08:13,58.34944534,-177.40222168,"",401677385,,,0,30-Apr-2014,04:08:14,,,,186,176,25,59,49,2,156,1,80,88,0,164,41,3,33,40,36,228,6,128,60,6,32,100,1,246,55,2,0,0,0
522,99279,31,R,B,108,30-Apr-2014,05:49:26,58.30583191,-177.42639160,"",401677412,,,0,30-Apr-2014,05:49:27,,,,185,194,41,58,168,128,70,36,2,192,22,42,58,133,96,41,180,125,11,0,86,249,42,63,130,172,242,84,81,0,0
522,99279,31,K,B,109,30-Apr-2014,05:49:26,58.29277802,-177.43527222,"",401677392,,,0,30-Apr-2014,05:49:27,,,,185,194,41,58,168,128,70,36,2,192,22,42,58,133,96,41,180,125,11,0,86,249,42,63,130,172,242,84,81,0,128
522,99279,31,L,B,110,30-Apr-2014,07:09:53,58.28749847,-177.44416809,"",401677423,,,0,30-Apr-2014,07:09:53,,,,190,204,41,58,117,193,142,30,129,16,8,80,164,7,128,74,2,32,64,3,86,34,2,128,41,232,28,4,128,0,0
522,99279,31,R,B,111,30-Apr-2014,07:32:17,58.25916672,-177.45832825,"",401677390,,,0,30-Apr-2014,07:32:17,,,46,190,208,169,58,103,128,230,10,129,48,9,48,196,8,0,44,133,32,52,1,252,49,1,160,17,1,168,16,0,0,0
522,99279,31,R,B,111,30-Apr-2014,07:32:17,58.25916672,-177.45832825,"",401677390,,,0,30-Apr-2014,07:33:03,,,46,190,124,201,58,96,129,76,30,129,128,20,224,26,2,64,9,113,72,51,56,63,133,64,120,2,224,74,4,0,0,0
522,99279,27,B,B,112,30-Apr-2014,09:07:10,58.25472260,-177.46472168,"",401677421,,,0,30-Apr-2014,09:07:11,,,,232,159,185,54,6,12,0,16,0,0,1,0,0,0,16,97,64,15,90,210,228,205,113,57,154,197,30
522,99279,27,R,B,113,30-Apr-2014,09:07:10,58.26694489,-177.46722412,"",401677408,,,0,30-Apr-2014,09:07:11,,,,232,159,185,54,6,12,0,16,0,0,1,0,0,0,16,96,64,130,2,0,64,4,128,0,2,2,0
522,99279,31,L,B,114,30-Apr-2014,10:31:24,58.23916626,-177.48666382,"",401677405,,,0,30-Apr-2014,10:31:25,,,,182,186,153,57,93,64,161,2,193,84,22,72,54,10,91,42,64,245,75,70,253,221,85,0,45,228,88,60,0,0,1
522,99279,31,P,B,115,30-Apr-2014,14:05:55,58.18083191,-177.52888489,"",401677401,,,0,30-Apr-2014,14:05:55,,,,181,101,137,56,92,1,135,46,193,144,7,81,210,16,225,124,137,155,225,198,152,236,120,254,63,126,125,61,3,115,99
522,99279,31,P,B,116,30-Apr-2014,15:43:31,58.15944290,-177.54194641,"",401677399,,,0,30-Apr-2014,15:43:31,,,,190,29,153,56,30,1,122,18,129,80,15,144,184,9,128,67,1,160,44,1,126,53,2,128,22,104,204,15,0,0,0
522,99279,31,N,B,117,30-Apr-2014,16:54:38,58.13055420,-177.56166077,"",401677404,,,0,30-Apr-2014,16:54:38,,,,187,204,217,56,0,1,46,174,193,80,6,224,36,10,128,108,68,192,64,1,156,5,1,192,15,128,72,21,0,0,0
522,99279,31,A,B,118,30-Apr-2014,20:24:41,58.05583191,-177.61361694,"",401677405,,,0,30-Apr-2014,20:24:42,,,,187,240,233,54,222,64,170,14,65,96,6,16,178,11,0,60,5,16,88,2,60,44,132,96,20,65,164,32,44,0,0
522,99279,31,P,B,119,30-Apr-2014,20:35:32,58.05805588,-177.61889648,"",401677412,,,0,30-Apr-2014,20:35:33,,,,178,56,249,54,210,128,117,51,65,95,199,223,126,191,35,189,152,174,131,59,14,9,135,232,6,103,225,243,28,51,220
522,99279,27,A,B,120,30-Apr-2014,21:56:56,58.02722168,-177.64611816,"",401677394,,,0,30-Apr-2014,21:56:34,,,44,229,196,137,56,6,4,0,0,4,5,129,4,48,88,193,66,196,5,4,4,8,96,96,129,9,4,0
522,99279,31,A,B,120,30-Apr-2014,21:56:56,58.02722168,-177.64611816,"",401677394,,,0,30-Apr-2014,21:57:18,,,44,176,155,153,54,139,1,50,0,129,0,9,113,178,8,128,81,138,16,68,2,66,92,130,64,18,161,228,19,8,0,0
522,99279,31,N,B,121,30-Apr-2014,21:57:18,58.02750015,-177.66777039,"",401677418,,,0,30-Apr-2014,21:57:18,,,,176,155,153,54,139,33,50,0,129,0,9,113,178,8,128,81,138,16,68,0,66,220,162,64,18,161,228,19,8,0,64
522,99279,31,P,B,122,30-Apr-2014,22:17:53,58.03416824,-177.70222473,"",401677413,,,0,30-Apr-2014,22:17:54,,,257,185,208,25,54,113,0,161,14,129,144,20,58,30,16,3,15,160,72,20,0,174,134,96,168,5,132,67,5,192,0,0
522,99279,31,P,B,122,30-Apr-2014,22:17:53,58.03416824,-177.70222473,"",401677413,,,0,30-Apr-2014,22:22:11,,,257,188,113,153,54,93,128,192,14,129,80,12,112,196,11,0,96,134,160,88,5,72,7,128,208,2,96,32,133,65,129,187
522,99279,31,L,A,123,30-Apr-2014,22:35:50,58.02138901,-177.75582886,"",401677398,,,0,30-Apr-2014,22:35:51,,,682,189,160,17,52,218,6,151,206,129,32,11,32,148,9,0,121,4,161,202,2,84,44,0,226,96,171,66,70,191,157,168
522,99279,31,L,A,123,30-Apr-2014,22:35:50,58.02138901,-177.75582886,"",401677398,,,0,30-Apr-2014,22:41:30,,,682,183,107,153,54,65,125,243,154,32,22,16,160,28,223,190,72,166,19,32,118,146,52,12,85,113,47,100,104,179,171,133
522,99279,31,L,A,123,30-Apr-2014,22:35:50,58.02138901,-177.75582886,"",401677398,,,0,30-Apr-2014,22:47:13,,,682,181,15,169,54,45,65,126,32,129,48,11,48,164,10,128,165,209,16,21,0,155,11,64,152,5,76,194,4,192,0,0
522,99279,31,B,B,124,30-Apr-2014,22:53:19,58.01083374,-177.74278259,"",401677414,,,0,30-Apr-2014,22:53:20,,,394,179,185,137,54,36,2,145,68,64,104,2,96,37,2,160,21,129,136,21,0,200,15,64,152,5,144,82,5,0,0,0
522,99279,31,B,B,124,30-Apr-2014,22:53:19,58.01083374,-177.74278259,"",401677414,,,0,30-Apr-2014,22:59:54,,,394,191,227,185,54,11,65,98,36,193,208,13,248,24,13,128,109,75,48,110,255,44,166,245,45,180,1,164,11,0,0,0
522,99279,31,A,B,125,30-Apr-2014,23:36:54,57.99166489,-177.76277161,"",401677392,,,0,30-Apr-2014,23:36:55,,,,180,119,233,53,93,74,28,115,27,15,240,68,158,34,119,149,116,129,96,110,31,47,246,249,82,129,232,200,108,41,164
522,99279,31,B,B,126,01-May-2014,00:37:00,57.99416733,-177.76194763,"",401677388,,,0,01-May-2014,00:37:01,,,,178,235,25,61,46,65,235,1,193,224,20,82,2,132,192,40,112,252,7,192,81,16,10,18,128,50,64,208,164,0,0
522,99279,31,N,B,127,01-May-2014,01:12:28,57.98611069,-177.73333740,"",401677423,,,0,01-May-2014,01:12:06,,,1479,189,208,249,61,11,129,202,53,1,192,4,201,196,13,0,124,141,192,116,3,220,102,4,32,16,246,6,26,160,190,239
522,99279,31,N,B,127,01-May-2014,01:12:28,57.98611069,-177.73333740,"",401677423,,,0,01-May-2014,01:12:51,,,1479,177,37,201,61,0,1,236,39,1,208,20,4,86,2,160,40,24,172,7,0,55,133,160,54,1,244,49,2,32,0,0
522,99279,31,N,B,127,01-May-2014,01:12:28,57.98611069,-177.73333740,"",401677423,,,0,01-May-2014,01:36:00,,,1479,166,56,56,56,231,142,124,50,142,60,188,230,157,243,158,120,195,28,62,33,198,57,8,165,24,231,60,166,152,197,51
522,99279,31,N,B,127,01-May-2014,01:12:28,57.98611069,-177.73333740,"",401677423,,,0,01-May-2014,01:36:45,,,1479,177,239,217,60,214,129,235,3,66,80,15,129,88,19,128,160,194,240,37,1,74,99,104,96,2,144,71,80,156,0,0
522,99279,31,K,B,128,01-May-2014,01:59:13,57.94777679,-177.74749756,"",401677400,,,0,01-May-2014,01:59:13,,,,177,161,25,60,185,129,235,61,14,0,4,116,100,65,81,231,92,53,198,106,90,153,130,231,115,212,43,99,81,98,170
522,99279,31,N,B,129,01-May-2014,02:54:16,57.93666840,-177.74638367,"",401677395,,,0,01-May-2014,02:54:17,,,,185,231,249,24,102,61,69,66,218,228,53,142,114,134,200,90,76,213,14,64,84,27,138,24,1,169,50,141,97,172,21
522,99279,31,K,B,130,01-May-2014,03:38:01,57.93194580,-177.74499512,"",401677396,,,0,01-May-2014,03:38:01,,,,182,254,249,60,68,129,252,1,66,144,12,201,248,13,0,118,79,64,116,3,66,118,131,96,62,185,89,210,88,184,110
522,99279,31,L,B,131,01-May-2014,05:21:56,57.87722397,-177.78833008,"",401677398,,,0,01-May-2014,05:21:56,,,,181,112,217,27,116,193,109,48,193,144,12,73,246,13,128,85,70,176,80,3,82,121,131,0,24,51,12,23,0,0,0
522,99279,31,R,B,132,01-May-2014,05:21:56,57.87777710,-177.78778076,"",401677397,,,0,01-May-2014,05:21:56,,,,181,112,217,59,116,193,109,48,193,128,12,73,246,13,128,85,70,176,80,3,82,121,131,0,24,51,12,23,0,0,0
522,99279,31,K,B,133,01-May-2014,05:21:56,57.90499878,-177.74055481,"",401677375,,,0,01-May-2014,05:21:56,,,,181,112,217,59,116,193,109,48,193,128,12,73,246,13,128,85,70,176,80,3,82,121,131,0,24,51,12,23,0,0,0
522,99279,31,A,B,134,01-May-2014,06:12:28,57.85388947,-177.79861450,"",401677391,,,0,01-May-2014,06:12:28,,,,189,239,185,59,59,130,132,206,192,148,3,234,110,3,192,44,76,14,13,0,80,113,200,19,138,124,13,192,112,0,0
522,99279,31,B,B,135,01-May-2014,08:43:19,57.77722168,-177.83471680,"",401677393,,,0,01-May-2014,08:43:19,,,,179,190,153,58,184,130,184,72,209,44,5,25,156,128,216,10,134,37,2,112,20,8,70,4,128,40,200,116,10,128,0
522,99279,31,L,B,136,01-May-2014,08:43:19,57.78138733,-177.83193970,"",401677396,,,0,01-May-2014,08:43:19,,,,179,190,153,58,184,130,184,72,213,44,5,25,156,128,216,10,134,37,2,112,20,8,70,4,128,40,200,116,10,128,0
522,99279,31,P,B,137,01-May-2014,12:09:22,57.76777649,-177.80055237,"",401677419,,,0,01-May-2014,12:09:00,,,45,183,4,153,58,26,1,50,14,129,16,9,181,4,9,128,76,131,32,68,2,164,41,2,64,21,33,8,16,0,0,0
522,99279,31,P,B,137,01-May-2014,12:09:22,57.76777649,-177.80055237,"",401677419,,,0,01-May-2014,12:09:45,,,45,184,6,89,58,19,65,72,18,129,32,8,96,242,75,151,214,113,15,143,195,207,65,251,120,29,32,195,22,43,223,247
522,99279,27,P,B,138,01-May-2014,13:49:59,57.70138931,-177.81750488,"",401677408,,,0,01-May-2014,13:50:00,,,45,238,30,249,60,6,8,24,32,96,129,130,2,8,24,80,161,3,3,2,0,8,80,64,194,10,4,0
522,99279,31,P,B,138,01-May-2014,13:49:59,57.70138931,-177.81750488,"",401677408,,,0,01-May-2014,13:50:45,,,45,190,137,137,56,241,129,32,44,65,192,196,81,82,6,128,70,11,144,64,1,140,108,129,160,11,42,104,22,128,0,0
522,99279,31,K,B,139,01-May-2014,15:44:09,57.64222336,-177.83277893,"",401677398,,,0,01-May-2014,15:44:09,,,,177,141,89,56,83,193,115,26,194,160,9,154,54,17,0,92,74,176,152,2,125,17,131,160,17,208,172,31,0,0,0
522,99279,31,N,B,140,01-May-2014,16:52:12,57.64777756,-177.83082581,"",401677398,,,0,01-May-2014,16:52:13,,,,181,128,169,56,53,193,6,4,128,224,8,128,68,9,0,126,5,192,64,2,8,13,2,0,19,96,72,19,0,0,0
522,99279,31,R,B,141,01-May-2014,18:20:45,57.57583237,-177.85556030,"",401677406,,,0,01-May-2014,18:20:45,,,,181,213,25,55,81,65,201,130,117,208,48,225,204,47,221,222,248,126,55,78,186,94,111,156,33,29,66,226,241,127,120
522,99279,31,K,B,142,01-May-2014,19:10:46,57.58555603,-177.84805298,"",401677396,,,0,01-May-2014,19:10:46,,,,181,156,73,55,61,192,136,45,129,120,104,94,21,11,0,83,194,238,88,1,204,21,22,96,15,96,232,17,0,0,0
522,99279,31,N,0,143,02-May-2014,02:42:15,57.47249985,-177.74667358,"",401677375,,,0,02-May-2014,02:39:15,,,315,177,211,169,66,194,130,161,202,209,64,5,21,146,128,208,7,152,124,9,0,84,249,10,41,0,37,196,160,76,0,0
522,99279,31,N,0,143,02-May-2014,02:42:15,57.47249985,-177.74667358,"",401677375,,,0,02-May-2014,02:41:30,,,315,179,79,153,66,158,65,165,33,1,240,13,184,232,15,128,91,165,196,104,26,194,34,3,196,27,113,21,113,91,253,255
522,99279,31,N,0,143,02-May-2014,02:42:15,57.47249985,-177.74667358,"",401677375,,,0,02-May-2014,02:43:45,,,315,185,21,121,66,133,66,153,200,80,176,5,44,143,161,112,10,57,27,90,75,243,141,153,66,208,15,120,26,15,128,0
522,99279,31,N,0,143,02-May-2014,02:42:15,57.47249985,-177.74667358,"",401677375,,,0,02-May-2014,02:44:30,,,315,177,246,153,66,119,129,217,25,1,176,14,176,152,10,128,103,2,192,140,5,74,149,161,144,10,127,35,67,0,0,0
522,99279,31,K,B,144,02-May-2014,03:20:20,57.34611130,-177.91360474,"",401677381,,,0,02-May-2014,03:20:20,,,,177,94,121,61,87,130,136,68,81,20,65,244,25,131,64,40,180,21,10,128,81,152,26,26,0,160,227,206,60,97,7
522,99279,23,R,B,145,02-May-2014,06:26:55,57.40194321,-177.89527893,"",401677373,,,0,02-May-2014,06:26:56,,,,238,200,185,66,6,28,40,16,96,65,129,0,20,8,0,129,71,136,2,4,72,64,0
522,99279,31,A,B,146,02-May-2014,07:26:15,57.38833237,-177.88638306,"",401677372,,,0,02-May-2014,07:26:15,,,,177,37,201,61,0,1,236,39,1,208,20,4,86,2,160,40,24,172,7,0,55,133,160,54,1,244,49,2,32,0,0
522,99279,31,L,B,147,02-May-2014,10:08:49,57.34916687,-177.88389587,"",401677415,,,0,02-May-2014,10:08:50,,,,177,161,25,60,185,129,233,61,2,64,20,42,14,132,224,40,116,85,12,192,82,121,42,21,0,162,112,212,40,0,0
522,99279,31,R,B,148,02-May-2014,11:18:51,57.33277893,-177.84361267,"",401677348,,,0,02-May-2014,11:18:52,,,,184,129,9,59,29,194,177,79,80,164,5,97,157,161,64,10,255,1,130,192,21,190,7,6,96,43,108,245,13,192,0
522,99279,31,P,B,149,02-May-2014,11:59:19,57.30444336,-177.89500427,"",401677401,,,0,02-May-2014,11:59:19,,,,179,190,153,58,184,130,184,72,209,44,5,25,156,128,216,10,134,37,2,112,20,8,70,4,128,40,200,116,10,128,0
522,99279,31,L,B,150,02-May-2014,22:23:27,57.10472107,-177.79804993,"",401677394,,,0,02-May-2014,22:23:27,,,,191,77,25,58,77,128,174,32,129,128,6,184,38,12,192,70,68,176,90,2,54,41,131,16,24,211,12,29,0,0,0
522,99279,31,A,A,151,02-May-2014,22:55:33,57.09249878,-177.41806030,"",401677375,,,0,02-May-2014,22:53:18,,,450,177,98,65,248,0,144,230,12,128,240,8,113,84,13,128,74,195,160,68,2,80,33,2,0,18,97,232,17,0,9,1
522,99279,3,A,A,151,02-May-2014,22:55:33,57.09249878,-177.41806030,"",401677375,,,0,02-May-2014,22:57:48,,,450,179,177,249
522,99279,31,A,A,151,02-May-2014,22:55:33,57.09249878,-177.41806030,"",401677375,,,0,02-May-2014,23:00:48,,,450,185,240,169,57,86,128,246,24,129,32,11,176,196,9,128,59,169,34,148,33,233,116,82,105,45,182,154,73,254,72,1
522,99279,31,P,B,152,02-May-2014,23:36:41,57.09222412,-177.41722107,"",401677319,,,0,02-May-2014,23:36:41,,,,188,34,9,56,211,192,208,48,1,64,8,97,160,109,138,47,138,0,88,1,144,112,30,227,134,211,130,48,136,96,0
522,99279,31,B,B,153,02-May-2014,23:47:25,56.92499924,-177.79777527,"",401677341,,,0,02-May-2014,23:47:25,,,,178,63,57,56,174,65,117,6,194,128,3,8,150,15,0,61,78,32,124,2,94,9,131,224,21,80,172,36,0,0,1
522,99279,23,L,B,154,02-May-2014,23:57:59,57.01610947,-177.68333435,"",401677292,,,0,02-May-2014,23:58:00,,,,238,200,185,66,6,28,40,16,96,65,129,0,20,8,0,129,71,136,2,4,72,64,18
522,99279,27,R,A,155,03-May-2014,05:56:35,56.96805573,-177.47305298,"",401677360,,,0,03-May-2014,05:55:51,,,90,235,47,169,58,6,8,0,0,0,196,2,2,36,40,48,161,66,0,2,8,32,32,96,129,5,0,0
522,99279,31,R,A,155,03-May-2014,05:56:35,56.96805573,-177.47305298,"",401677360,,,0,03-May-2014,05:56:36,,,90,182,135,201,67,4,2,161,140,192,136,5,76,26,129,0,10,112,55,2,96,20,228,110,4,192,27,211,17,55,65,0
522,99279,31,R,A,155,03-May-2014,05:56:35,56.96805573,-177.47305298,"",401677360,,,0,03-May-2014,05:57:21,,,90,188,8,169,66,246,193,123,60,193,224,20,54,50,6,0,40,152,108,7,128,80,201,24,14,128,165,82,208,31,0,0
522,99279,31,L,B,156,03-May-2014,06:33:19,56.89777756,-177.66528320,"",401677342,,,0,03-May-2014,06:33:19,,,,189,5,217,66,212,192,209,60,130,136,9,88,102,20,64,57,204,32,126,1,254,5,132,32,14,147,8,22,0,0,0
522,99279,31,A,B,157,03-May-2014,08:51:37,56.97083282,-177.55833435,"",401677393,,,0,03-May-2014,08:51:37,,,,177,211,169,66,194,130,161,202,209,64,5,21,146,128,208,7,152,124,9,0,84,249,10,41,0,37,196,160,76,0,0
522,99279,31,K,B,158,04-May-2014,02:34:32,56.83777618,-177.28443909,"",401677366,,,0,04-May-2014,02:34:33,,,,177,246,153,66,119,129,217,25,1,176,14,176,152,10,128,103,2,192,140,5,74,149,161,144,10,127,35,67,0,0,0
522,99279,31,A,Z,159,04-May-2014,03:33:09,56.61611176,-176.98666382,"",401677386,,,0,04-May-2014,03:33:09,,,,176,112,185,66,109,1,34,22,193,64,13,169,72,14,128,120,136,192,108,3,86,58,2,192,25,145,176,31,0,0,0
522,99279,31,A,B,160,04-May-2014,08:27:29,56.50583267,-176.86471558,"",401677359,,,0,04-May-2014,08:27:29,,,,181,36,73,66,60,1,19,5,1,64,8,153,86,12,128,160,16,20,29,1,72,128,104,60,2,148,0,80,132,0,0
522,99279,31,A,B,161,04-May-2014,10:08:01,56.45194626,-176.77055359,"",401677400,,,0,04-May-2014,10:08:01,,,,183,236,249,66,45,194,152,1,208,168,5,44,2,161,56,10,28,5,66,208,20,62,14,132,128,40,240,21,2,64,0
522,99279,31,P,B,162,04-May-2014,13:23:44,56.34555435,-176.62138367,"",401677414,,,0,04-May-2014,13:23:45,,,,184,115,249,61,116,1,121,32,193,80,11,8,214,11,0,101,74,176,80,3,182,2,2,160,40,148,29,8,128,0,0
522,99279,31,P,B,163,04-May-2014,15:04:35,56.39583206,-176.71722412,"",401677396,,,0,04-May-2014,15:04:36,,,,191,57,249,61,59,129,249,1,66,128,20,174,6,132,192,27,144,84,29,0,247,131,162,48,7,212,21,11,128,0,0
522,99279,23,N,1,164,04-May-2014,16:08:13,56.36639023,-176.85139465,"",401677391,,,0,04-May-2014,16:07:51,,,618,238,200,185,66,6,28,40,16,96,65,129,0,20,8,0,129,71,136,2,4,72,64,0
522,99279,31,N,1,164,04-May-2014,16:08:13,56.36639023,-176.85139465,"",401677391,,,0,04-May-2014,16:08:36,,,618,178,189,121,60,130,194,144,73,80,168,5,55,146,161,144,10,91,37,66,224,20,174,74,133,224,40,188,133,12,0,0
522,99279,31,N,1,164,04-May-2014,16:08:13,56.36639023,-176.85139465,"",401677391,,,0,04-May-2014,16:17:24,,,618,185,231,249,60,114,193,237,49,1,224,21,142,114,134,192,42,108,213,14,64,84,25,138,24,0,167,18,212,47,0,0
522,99279,31,N,1,164,04-May-2014,16:08:13,56.36639023,-176.85139465,"",401677391,,,0,04-May-2014,16:18:09,,,618,185,159,249,60,99,1,173,3,1,240,21,62,110,133,96,40,48,212,9,64,87,169,202,33,128,170,179,212,51,0,0
522,99279,31,K,A,165,04-May-2014,16:14:42,56.36833191,-176.85583496,"",401677395,,,0,04-May-2014,16:08:36,,,573,178,165,121,60,130,194,144,73,80,168,5,55,146,165,144,10,91,37,66,224,20,174,74,133,224,40,188,133,12,0,0
522,99279,31,K,A,165,04-May-2014,16:14:42,56.36833191,-176.85583496,"",401677395,,,0,04-May-2014,16:17:24,,,573,185,231,249,60,114,193,237,49,1,224,21,142,114,134,192,42,108,213,14,64,84,25,138,24,0,167,18,212,47,0,0
522,99279,31,K,A,165,04-May-2014,16:14:42,56.36833191,-176.85583496,"",401677395,,,0,04-May-2014,16:18:09,,,573,185,159,249,60,99,1,173,3,1,240,21,62,110,133,96,40,48,212,9,64,87,169,202,35,128,170,179,212,51,0,0
522,99279,31,B,B,166,05-May-2014,07:19:29,56.01083374,-176.63528442,"",401677431,,,0,05-May-2014,07:19:29,,,,181,4,249,72,131,0,239,26,194,80,20,110,70,135,64,40,172,93,12,64,81,8,186,26,128,118,65,208,148,0,0
522,99279,31,R,B,167,05-May-2014,08:11:37,56.07749939,-176.75222778,"",401677394,,,0,05-May-2014,08:09:02,,,311,52,28,108,157,157,199,130,70,19,164,47,63,54,46,40,93,118,159,106,76,201,127,178,2,86,87,133,179,108,170,167
522,99279,27,R,B,167,05-May-2014,08:11:37,56.07749939,-176.75222778,"",401677394,,,0,05-May-2014,08:14:13,,,311,232,114,57,72,6,0,0,0,0,0,0,2,21,203,119,147,99,182,239,207,223,135,196,254,112,129,23
522,99279,27,A,B,168,05-May-2014,08:14:12,56.06527710,-176.67277527,"",401677400,,,0,05-May-2014,08:14:13,,,,232,114,57,72,6,0,0,0,0,0,0,70,127,175,47,45,65,0,51,255,231,231,203,119,164,56,23
522,99279,27,L,,169,06-May-2014,10:57:42,,,,401650000,,,0,06-May-2014,10:57:42,,,,232,114,57,72,6,0,2,0,20,34,0,0,0,0,0,2,0,0,24,16,16,16,96,0,0,2,0
522,99279,31,P,,170,06-May-2014,12:52:19,,,,401650000,,,0,06-May-2014,12:52:19,,,,190,102,153,68,48,64,250,0,194,136,12,248,72,19,128,56,200,32,128,5,28,132,161,196,1,72,57,7,0,0,0
522,99279,31,N,,171,06-May-2014,14:05:29,,,,401650000,,,0,06-May-2014,14:05:29,,,,184,39,121,76,193,130,153,201,80,208,5,46,145,161,128,10,85,31,66,192,20,158,70,133,96,41,12,149,12,192,0
522,99279,31,P,,172,06-May-2014,14:39:52,,,,401650000,,,0,06-May-2014,14:39:52,,,,184,103,105,76,117,1,172,25,1,144,141,112,104,10,132,106,0,192,84,50,188,113,130,65,19,162,236,19,4,0,0
522,99279,27,N,,173,06-May-2014,15:52:32,,,,401650000,,,0,06-May-2014,15:52:32,,,,224,210,39,85,141,237,107,64,48,166,66,202,244,124,215,173,84,167,175,27,179,175,43,156,96,248,187
522,99279,31,K,,174,06-May-2014,18:49:14,,,,401650000,,,0,06-May-2014,18:49:14,,,,179,106,89,75,124,128,224,28,129,0,7,73,164,9,0,47,68,32,80,49,62,29,2,112,11,49,104,18,128,0,0
522,99279,31,R,,175,06-May-2014,19:03:18,,,,401650000,,,0,06-May-2014,19:03:18,,,,184,92,153,75,115,129,207,5,66,64,15,168,42,21,0,160,16,180,24,0,94,144,64,144,2,245,177,200,61,185,204
522,99279,31,B,,176,06-May-2014,22:31:04,,,,401650000,,,0,06-May-2014,22:31:04,,,,183,59,153,75,64,193,217,5,66,16,20,38,14,132,192,40,236,69,9,0,56,160,232,86,2,130,65,208,132,0,0
522,99279,31,B,,177,06-May-2014,22:35:09,,,,401650000,,,0,06-May-2014,22:35:09,,,,182,113,9,75,51,193,203,1,70,49,141,72,26,27,136,121,65,80,168,3,206,18,134,64,30,208,84,34,0,0,0
522,99279,27,P,B,178,06-May-2014,22:51:34,55.41638947,-176.79943848,"",401677326,,,0,06-May-2014,22:49:01,,,307,234,99,217,68,6,0,3,65,32,0,0,0,8,2,49,32,64,0,0,0,0,0,0,192,34,92,0
522,99279,31,P,B,178,06-May-2014,22:51:34,55.41638947,-176.79943848,"",401677326,,,0,06-May-2014,22:54:08,,,307,187,104,105,75,13,66,130,77,64,116,3,234,110,3,160,40,64,236,6,128,56,39,160,60,1,252,59,1,240,0,0
522,99279,31,L,B,179,06-May-2014,23:04:52,55.29555511,-176.61666870,"",401677381,,,0,06-May-2014,23:04:53,,,354,182,90,201,74,243,193,62,14,193,64,11,176,214,11,0,126,192,64,104,5,189,129,193,56,10,24,35,1,176,0,0
522,99279,31,L,B,179,06-May-2014,23:04:52,55.29555511,-176.61666870,"",401677381,,,0,06-May-2014,23:10:47,,,354,178,151,121,74,234,193,80,38,129,192,11,145,180,13,0,171,146,116,17,0,32,142,32,168,2,244,3,4,64,0,0
522,99279,31,A,A,180,06-May-2014,23:10:46,55.29694366,-176.60667419,"",401677391,,,0,06-May-2014,23:10:47,,,620,178,151,121,74,234,193,80,38,129,192,11,145,180,13,0,171,146,116,17,0,32,142,32,168,2,244,3,4,64,0,0
522,99279,31,A,A,180,06-May-2014,23:10:46,55.29694366,-176.60667419,"",401677391,,,0,06-May-2014,23:15:55,,,620,182,220,73,74,226,193,65,0,193,96,9,105,228,11,0,96,82,176,80,3,122,41,130,128,19,86,200,18,0,0,0
522,99279,31,A,A,180,06-May-2014,23:10:46,55.29694366,-176.60667419,"",401677391,,,0,06-May-2014,23:21:07,,,620,182,87,105,74,217,192,247,58,129,128,10,152,182,10,128,68,66,48,96,3,126,93,131,96,21,80,76,22,0,0,0
522,99279,31,N,B,181,07-May-2014,03:20:49,55.24666595,-176.58833313,"",401677399,,,0,07-May-2014,03:20:12,,,74,187,179,89,74,136,65,2,18,129,80,3,160,116,9,0,23,192,160,56,1,76,13,1,192,12,160,104,26,0,0,0
522,99279,27,N,B,181,07-May-2014,03:20:49,55.24666595,-176.58833313,"",401677399,,,0,07-May-2014,03:21:26,,,74,232,114,57,72,6,0,0,0,0,0,0,0,0,0,0,0,0,0,24,16,16,16,96,0,0,2,0
522,99279,31,L,B,182,07-May-2014,07:16:30,55.20305634,-176.57722473,"",401677402,,,0,07-May-2014,07:16:31,,,,179,146,201,74,41,130,132,194,80,120,5,10,132,161,0,10,5,13,65,208,15,152,74,12,128,57,137,48,120,0,0
522,99279,7,A,B,183,07-May-2014,07:30:37,55.22388840,-176.58305359,"",401677402,,,0,07-May-2014,07:30:38,,,,0,1,78,119,115,176,152
522,99279,31,B,B,184,07-May-2014,08:24:46,55.25055695,-176.59194946,"",401677398,,,0,07-May-2014,08:24:24,,,45,190,227,233,73,102,194,136,195,80,184,32,212,53,2,32,41,44,53,11,0,81,248,122,16,128,162,240,212,27,0,0
522,99279,31,B,B,184,07-May-2014,08:24:46,55.25055695,-176.59194946,"",401677398,,,0,07-May-2014,08:25:09,,,45,185,27,153,73,90,130,135,194,208,164,5,26,134,161,80,10,75,13,66,34,3,180,146,24,144,119,67,80,112,0,0
522,99279,31,R,B,185,07-May-2014,08:47:57,55.24638748,-176.59527588,"",401677408,,,0,07-May-2014,08:47:57,,,,185,22,169,73,75,66,141,66,80,180,5,115,130,193,216,74,59,11,65,224,20,194,26,132,64,40,228,61,8,0,0
522,99279,31,L,B,186,07-May-2014,08:58:53,55.24388885,-176.59693909,"",401677398,,,0,07-May-2014,08:58:53,,,,186,209,57,73,42,192,157,32,129,224,22,134,15,6,0,44,36,22,16,64,90,56,76,28,0,178,144,152,68,0,0
522,99279,31,A,B,187,07-May-2014,09:10:08,55.25083160,-176.59416199,"",401677392,,,0,07-May-2014,09:10:08,,,,185,225,249,73,32,130,131,65,192,88,5,30,135,129,16,4,196,99,7,64,70,112,42,17,128,22,64,160,72,2,0
522,99279,15,P,B,188,07-May-2014,12:44:47,55.23166656,-176.60194397,"",401677432,,,0,07-May-2014,12:44:48,,,,233,92,185,70,6,16,0,0,1,99,130,0,0,0,16
522,99279,31,P,B,189,07-May-2014,14:20:10,55.22000122,-176.59971619,"",401677401,,,0,07-May-2014,14:20:10,,,,180,132,73,72,71,193,229,5,74,176,14,200,42,17,183,131,190,168,78,1,127,3,66,0,14,50,121,255,167,0,96
522,99279,31,N,B,190,07-May-2014,15:36:37,55.14916611,-176.57943726,"",401677395,,,0,07-May-2014,15:36:15,,,45,184,40,185,72,35,130,129,66,208,80,0,178,124,132,32,30,48,180,54,0,247,133,161,200,6,132,29,8,192,0,0
522,99279,31,N,B,190,07-May-2014,15:36:37,55.14916611,-176.57943726,"",401677395,,,0,07-May-2014,15:37:00,,,45,183,240,169,72,22,65,231,13,66,112,20,22,26,133,128,40,156,45,11,64,60,97,168,72,1,219,11,66,32,0,0
522,99279,31,P,B,191,07-May-2014,16:02:39,55.14083481,-176.58610535,"",401677410,,,0,07-May-2014,16:02:39,,,,191,13,169,71,122,66,130,67,80,160,5,13,134,161,120,10,17,13,66,128,20,70,26,133,64,40,108,45,10,64,0
522,99279,27,R,B,192,07-May-2014,18:30:33,55.09916687,-176.57804871,"",401677408,,,0,07-May-2014,18:30:33,,,,232,114,57,72,6,0,0,0,0,0,0,0,0,0,0,0,0,0,24,16,16,16,96,0,0,2,0
522,99279,31,N,B,193,07-May-2014,18:56:39,55.09944534,-176.57943726,"",401677416,,,0,07-May-2014,18:56:39,,,,186,80,153,70,169,129,142,13,2,16,11,168,72,16,128,115,64,208,136,3,162,6,132,160,45,16,37,4,128,0,0
522,99279,31,L,B,194,07-May-2014,21:12:19,55.06055450,-176.58721924,"",401677389,,,0,07-May-2014,21:12:19,,,,181,159,25,70,90,128,207,8,194,32,15,136,10,35,128,115,64,80,198,3,186,126,4,180,29,40,104,250,116,228,20
522,99279,31,A,B,195,07-May-2014,21:12:19,55.06555557,-176.58972168,"",401677388,,,0,07-May-2014,21:12:19,,,,181,159,25,70,90,128,207,8,194,32,15,136,10,35,128,115,64,80,198,3,186,126,4,240,30,245,67,127,18,2,1
522,99279,31,P,B,196,07-May-2014,22:43:12,55.14833450,-176.60888672,"",401677404,,,0,07-May-2014,22:42:50,,,1008,255,55,201,78,13,4,163,23,241,48,13,24,58,15,128,121,193,208,152,5,13,132,160,216,2,168,3,8,192,1,4
522,99279,31,P,B,196,07-May-2014,22:43:12,55.14833450,-176.60888672,"",401677404,,,0,07-May-2014,22:43:35,,,1008,181,245,169,70,36,129,203,9,66,96,15,136,74,4,128,37,198,176,156,1,206,53,131,160,29,240,180,32,0,0,2
522,99279,31,P,B,196,07-May-2014,22:43:12,55.14833450,-176.60888672,"",401677404,,,0,07-May-2014,22:58:53,,,1008,187,99,137,70,23,66,129,65,208,164,3,186,22,133,160,31,176,180,40,0,222,132,161,88,10,31,9,67,97,0,0
522,99279,31,P,B,196,07-May-2014,22:43:12,55.14833450,-176.60888672,"",401677404,,,0,07-May-2014,22:58:53,,,1008,187,99,137,70,23,66,129,65,208,164,3,186,22,133,160,31,176,180,40,0,222,132,161,88,10,31,9,67,97,0,0
522,99279,31,P,B,196,07-May-2014,22:43:12,55.14833450,-176.60888672,"",401677404,,,0,07-May-2014,22:59:38,,,1008,183,202,249,70,9,66,138,66,208,172,5,45,4,161,96,7,116,45,9,192,61,97,104,72,2,139,195,80,160,0,0
522,99279,31,P,B,196,07-May-2014,22:43:12,55.14833450,-176.60888672,"",401677404,,,0,07-May-2014,22:59:38,,,1008,183,202,249,70,9,66,138,66,208,172,5,45,4,161,96,7,116,45,9,192,61,97,104,72,2,139,195,80,160,0,0
522,99279,31,K,B,197,08-May-2014,04:09:35,55.03722382,-176.72305298,"",401677336,,,0,08-May-2014,04:09:36,,,,189,75,169,78,213,65,202,47,2,32,13,89,120,13,128,106,76,64,116,3,112,86,4,0,28,243,16,32,0,0,0
522,99279,31,A,B,198,08-May-2014,08:40:53,55.02027893,-176.71556091,"",401677399,,,0,08-May-2014,08:40:54,,,,186,76,185,77,119,129,83,2,193,160,9,249,228,9,192,88,192,48,100,2,162,125,2,32,40,68,179,8,64,0,0
522,99279,31,K,B,199,08-May-2014,16:17:09,55.00249863,-176.72138977,"",401677413,,,0,08-May-2014,16:17:09,,,,176,125,169,77,80,2,156,197,80,152,5,11,130,161,0,10,29,3,65,224,15,88,10,15,0,162,16,84,34,0,0
522,99279,31,R,B,200,08-May-2014,16:17:09,54.99861145,-176.72500610,"",401677397,,,0,08-May-2014,16:17:09,,,,176,125,169,77,80,2,156,197,80,152,5,11,130,161,0,10,29,3,65,224,15,88,10,15,0,162,16,84,34,0,0
522,99279,31,P,B,201,08-May-2014,17:31:17,54.99833298,-176.73750305,"",401677411,,,0,08-May-2014,17:31:17,,,,178,170,25,76,238,1,169,10,193,112,10,208,6,9,128,92,130,176,80,2,194,65,131,224,42,148,149,7,64,0,0
522,99279,31,K,B,202,08-May-2014,17:56:07,54.99388885,-176.74166870,"",401677415,,,0,08-May-2014,17:56:07,,,,182,219,137,76,178,66,146,73,88,188,5,45,215,101,0,125,206,105,143,64,104,88,49,68,187,73,117,29,239,232,103
522,99279,31,B,B,203,08-May-2014,21:51:00,54.98583221,-176.75639343,"",401677424,,,0,08-May-2014,21:51:01,,,,185,121,153,76,87,65,229,53,1,225,14,153,184,13,132,112,78,192,108,35,226,114,4,32,157,146,240,26,8,0,0
522,99279,31,P,B,204,09-May-2014,00:10:38,54.97444534,-176.75416565,"",401677413,,,0,09-May-2014,00:10:39,,,,187,147,185,76,10,130,155,66,208,117,5,136,134,160,0,11,25,29,66,39,21,114,50,132,36,42,116,101,8,192,0
522,99279,27,N,B,205,09-May-2014,01:17:32,54.97360992,-176.77111816,"",401677397,,,0,09-May-2014,01:17:32,,,,238,201,9,74,6,4,8,0,0,0,0,4,0,0,80,192,2,130,0,0,0,0,32,64,0,8,0
522,99279,31,P,B,206,09-May-2014,01:48:56,54.97388840,-176.77667236,"",401677401,,,0,09-May-2014,01:48:56,,,,179,95,153,75,90,2,141,66,80,156,5,8,131,161,24,10,47,9,65,80,2,217,36,159,0,160,209,36,178,73,56
522,99279,31,K,B,207,09-May-2014,02:04:52,54.97472382,-176.77471924,"",401677402,,,0,09-May-2014,02:04:53,,,,183,59,153,75,64,193,217,5,66,16,20,38,14,132,192,40,236,69,9,0,56,160,232,86,2,130,65,208,132,0,0
522,99279,31,K,B,208,09-May-2014,03:41:01,54.97027588,-176.79556274,"",401677394,,,0,09-May-2014,03:41:02,,,,182,90,201,74,243,193,62,14,193,64,11,176,214,11,0,126,192,64,104,5,189,129,193,56,10,24,35,1,176,0,0
522,99279,27,R,B,209,09-May-2014,04:27:59,54.96389008,-176.79943848,"",401677411,,,0,09-May-2014,04:27:59,,,,236,73,73,78,6,0,0,0,0,0,0,10,48,16,32,0,64,0,4,12,16,48,64,194,3,4,0
522,99279,27,R,B,210,09-May-2014,06:13:01,54.95944595,-176.80610657,"",401677406,,,0,09-May-2014,06:13:01,,,,229,74,233,76,6,20,0,0,0,0,0,0,0,0,48,64,66,8,0,4,8,0,0,0,8,14,0
522,99279,31,L,B,211,09-May-2014,06:55:33,54.94638824,-176.77333069,"",401677382,,,0,09-May-2014,06:55:11,,,44,190,133,249,74,113,194,169,205,208,224,5,66,154,161,184,10,153,51,67,160,20,226,78,134,128,41,116,157,12,129,0
522,99279,31,L,B,211,09-May-2014,06:55:33,54.94638824,-176.77333069,"",401677382,,,0,09-May-2014,06:55:55,,,44,177,202,169,74,100,65,165,51,2,32,20,8,110,3,224,42,156,245,11,0,62,229,224,66,1,252,47,1,224,0,0
522,99279,31,B,B,212,09-May-2014,07:35:28,54.93916702,-176.78694153,"",401677384,,,0,09-May-2014,07:35:29,,,,186,240,9,74,64,1,197,5,65,208,15,136,74,17,128,126,66,80,140,3,210,14,132,0,40,20,21,8,64,0,0
522,99279,31,R,B,213,09-May-2014,07:48:56,54.92777634,-176.81056213,"",401677413,,,0,09-May-2014,07:48:57,,,,184,241,233,74,53,66,133,66,208,60,0,166,37,3,226,29,208,84,29,0,239,129,161,16,7,12,5,7,128,0,0
522,99279,31,L,B,214,09-May-2014,08:42:19,54.87527847,-176.93028259,"",401677401,,,0,09-May-2014,08:31:53,,,626,183,228,233,74,1,2,135,194,208,132,37,20,133,161,24,10,39,13,66,32,15,232,106,16,0,162,33,21,148,124,106
522,99279,31,L,B,214,09-May-2014,08:42:19,54.87527847,-176.93028259,"",401677401,,,0,09-May-2014,08:42:19,,,626,189,210,105,73,115,2,145,67,80,120,5,36,134,161,88,10,19,11,65,192,84,98,26,131,224,168,44,53,8,65,0
522,99279,31,A,B,215,09-May-2014,10:08:01,54.84249878,-176.94194031,"",401677400,,,0,09-May-2014,10:08:02,,,,181,41,73,82,106,130,186,206,208,188,5,121,157,161,144,10,179,57,66,176,21,102,114,134,32,42,92,189,12,64,0
522,99279,23,N,B,216,09-May-2014,18:37:52,54.68138885,-177.12167358,"",401677397,,,0,09-May-2014,18:37:52,,,,231,211,153,80,6,12,0,16,1,0,129,0,0,0,0,0,0,0,0,8,40,32,64
522,99279,31,A,B,217,09-May-2014,20:35:19,54.61583328,-177.16333008,"",401677381,,,0,09-May-2014,20:33:12,,,255,186,69,249,80,170,64,183,104,193,32,5,177,116,10,0,55,39,48,76,1,93,81,130,32,11,32,108,18,0,0,0
522,99279,31,A,B,217,09-May-2014,20:35:19,54.61583328,-177.16333008,"",401677381,,,0,09-May-2014,20:37:27,,,255,183,252,201,80,161,64,193,10,193,48,5,208,6,9,128,44,129,48,68,1,136,13,130,96,9,192,44,15,0,0,0
522,99279,27,L,B,218,09-May-2014,20:53:21,54.64361191,-177.12693787,"",401677394,,,0,09-May-2014,20:53:22,,,,229,74,233,76,6,20,0,0,0,0,0,0,0,0,48,64,66,8,0,4,8,0,0,0,8,14,0
522,99279,31,N,B,219,10-May-2014,04:32:16,54.46500015,-177.27166748,"",401677448,,,0,10-May-2014,04:32:17,,,,179,188,201,78,187,3,129,94,75,77,193,217,67,66,64,20,50,58,133,160,31,209,116,39,1,68,163,232,92,0,0
522,99279,31,K,B,220,10-May-2014,05:00:34,54.57805634,-177.19111633,"",401677384,,,0,10-May-2014,05:00:35,,,,179,244,169,78,142,194,147,198,80,156,5,38,142,161,104,10,69,35,66,192,20,126,46,15,75,44,237,173,14,0,108
522,99279,31,R,B,221,10-May-2014,07:14:24,54.50416565,-177.25694275,"",401677385,,,0,10-May-2014,07:14:24,,,,190,232,217,78,41,2,201,65,224,228,5,131,130,193,176,11,45,7,131,176,22,90,11,8,64,43,212,14,11,128,0
522,99279,31,B,B,222,10-May-2014,07:14:24,54.36916733,-177.36389160,"",401677441,,,0,10-May-2014,07:14:25,,,,190,232,217,78,41,2,201,65,224,228,5,131,130,193,176,11,45,7,131,176,22,90,11,8,64,43,212,14,11,128,0
522,99279,31,A,Z,223,10-May-2014,07:59:29,54.46277618,-177.28916931,"",401677407,,,0,10-May-2014,07:59:29,,,,185,121,185,78,1,66,227,194,96,240,5,51,131,161,8,11,117,9,130,224,21,230,7,7,160,44,124,30,14,128,0
522,99279,31,B,B,224,10-May-2014,08:53:55,54.47277832,-177.28361511,"",401677395,,,0,10-May-2014,08:53:55,,,,186,76,185,77,119,129,83,2,193,160,9,249,228,9,192,88,192,48,100,2,162,125,2,32,40,70,179,40,64,0,0
522,99279,31,N,B,225,10-May-2014,16:42:20,54.27277756,-177.46611023,"",401677398,,,0,10-May-2014,16:42:21,,,668,186,166,153,77,49,66,183,79,80,200,5,114,159,161,136,10,100,3,66,32,22,90,11,7,224,44,132,30,17,192,0
522,99279,31,N,B,225,10-May-2014,16:42:20,54.27277756,-177.46611023,"",401677398,,,0,10-May-2014,16:53:29,,,668,186,78,217,77,28,194,185,192,96,224,5,127,128,193,136,11,23,1,131,144,22,6,122,135,128,43,244,237,15,0,0
522,99279,31,R,B,226,10-May-2014,17:02:34,54.37083435,-177.38139343,"",401677397,,,0,10-May-2014,17:01:04,,,180,176,211,57,77,9,130,196,207,208,236,5,130,159,177,160,79,184,117,142,111,197,3,173,139,219,201,255,233,248,63,255
522,99279,31,R,B,226,10-May-2014,17:02:34,54.37083435,-177.38139343,"",401677397,,,0,10-May-2014,17:04:04,,,180,183,29,9,76,249,1,164,5,1,96,15,8,168,16,0,181,179,148,58,1,95,103,104,98,2,194,79,80,220,0,0
522,99279,31,K,A,227,10-May-2014,17:05:55,54.39555740,-177.25444031,"",401677398,,,0,10-May-2014,17:04:04,,,442,183,29,9,76,249,1,164,5,1,96,15,8,168,16,0,181,179,148,58,1,95,103,104,98,2,194,79,80,220,0,0
522,99279,31,K,A,227,10-May-2014,17:05:55,54.39555740,-177.25444031,"",401677398,,,0,10-May-2014,17:07:46,,,442,178,170,25,76,238,1,169,10,193,112,10,208,6,9,128,92,130,176,80,2,194,65,131,224,42,148,149,7,64,0,0
522,99279,31,K,A,227,10-May-2014,17:05:55,54.39555740,-177.25444031,"",401677398,,,0,10-May-2014,17:11:26,,,442,176,60,89,76,229,1,111,2,193,80,10,152,134,11,64,80,193,48,92,3,62,65,130,240,26,17,76,29,0,0,0
522,99279,31,P,B,228,10-May-2014,17:11:25,54.40499878,-177.32083130,"",401677383,,,0,10-May-2014,17:11:26,,,,176,60,89,76,229,1,111,2,193,80,10,152,134,11,64,80,193,48,92,3,62,65,130,240,26,17,76,29,1,0,0
522,99279,31,R,B,229,10-May-2014,18:41:08,54.40583420,-177.31721497,"",401677388,,,0,10-May-2014,18:41:08,,,,182,41,217,76,53,2,130,192,208,104,21,8,130,160,232,103,244,21,10,10,39,228,88,50,26,141,192,208,112,16,0
522,99279,7,L,B,230,10-May-2014,20:37:37,54.34083176,-177.36639404,"",401677401,,,0,10-May-2014,20:37:37,,,,0,1,85,73,45,136,144
522,99279,31,A,B,231,10-May-2014,21:47:32,54.32833481,-177.37416077,"",401677404,,,0,10-May-2014,21:47:33,,,,180,39,201,84,235,129,104,29,1,192,12,33,88,17,0,116,78,64,172,58,197,81,237,66,155,173,68,224,33,6,253
522,99279,31,A,A,232,10-May-2014,23:29:38,54.34138870,-177.30305481,"",401677397,,,0,10-May-2014,23:29:38,,,414,183,196,169,84,158,65,120,31,1,208,13,41,152,15,0,110,8,192,120,3,36,74,3,192,25,194,48,29,0,0,0
522,99279,27,A,A,232,10-May-2014,23:29:38,54.34138870,-177.30305481,"",401677397,,,0,10-May-2014,23:32:59,,,414,229,74,233,76,6,20,0,0,0,0,0,0,0,0,48,64,66,8,0,4,8,0,0,0,8,14,0
522,99279,31,A,A,232,10-May-2014,23:29:38,54.34138870,-177.30305481,"",401677397,,,0,10-May-2014,23:36:32,,,414,185,133,217,84,148,193,150,13,1,208,12,113,40,14,128,103,9,64,124,3,24,66,3,96,23,162,16,29,0,0,0
522,99279,31,P,B,233,10-May-2014,23:48:29,54.33583450,-177.30332947,"",401677394,,,0,10-May-2014,23:48:29,,,,176,201,153,84,109,193,137,3,1,176,20,230,90,133,64,41,140,165,10,0,83,25,58,20,128,164,49,244,35,0,0
522,99279,31,L,B,234,11-May-2014,00:02:18,54.33444595,-177.30360413,"",401677392,,,0,11-May-2014,00:02:19,,,,191,217,9,84,72,2,190,79,208,228,5,129,128,193,136,11,1,63,66,192,21,250,3,5,0,41,96,52,5,64,0
522,99279,31,B,B,235,11-May-2014,00:29:41,54.32389069,-177.35610962,"",401677379,,,0,11-May-2014,00:29:42,,,,178,59,33,83,124,194,198,64,224,184,5,129,128,193,80,11,55,3,130,240,22,86,11,5,224,44,140,14,10,192,0
522,99279,31,N,B,236,11-May-2014,01:04:34,54.30110931,-177.37194824,"",401677388,,,0,11-May-2014,01:04:35,,,,186,101,153,83,81,193,145,20,193,80,14,153,102,10,128,122,200,176,96,3,142,45,130,64,22,176,76,18,0,0,0
522,99279,27,P,B,237,11-May-2014,01:31:07,54.32666779,-177.33778381,"",401677404,,,0,11-May-2014,01:31:07,,,,234,232,233,82,6,8,24,48,96,192,131,6,8,8,16,0,0,0,0,4,8,64,161,66,3,0,0
522,99279,31,A,B,238,11-May-2014,07:42:21,54.29750061,-177.33222961,"",401677384,,,0,11-May-2014,07:42:22,,,,144,119,161,83,5,194,168,203,80,128,5,88,149,198,239,238,189,112,111,192,104,49,201,252,111,240,179,28,117,64,0
522,99279,31,N,B,239,11-May-2014,16:36:21,54.23749924,-177.42361450,"",401677424,,,0,11-May-2014,16:36:21,,,,183,207,153,82,184,1,239,63,1,240,14,104,26,13,128,162,112,20,29,0,239,130,160,216,10,11,5,65,224,0,0
522,99279,27,L,B,240,11-May-2014,20:22:07,54.17777634,-177.47084045,"",401677441,,,0,11-May-2014,20:22:08,,,,234,108,105,84,6,0,0,16,65,64,128,0,4,0,0,0,0,0,0,12,96,80,128,129,1,24,0
522,99279,31,K,B,241,12-May-2014,02:30:45,53.95305634,-177.54804993,"",401677404,,,0,12-May-2014,02:30:45,,,,178,157,41,82,43,194,171,199,208,120,5,86,141,161,0,10,195,29,66,48,22,138,11,7,0,44,220,22,10,64,34
522,99279,31,N,B,242,12-May-2014,02:30:45,54.01722336,-177.40888977,"",401677380,,,0,12-May-2014,02:30:45,,,,178,157,41,82,43,194,171,199,208,120,5,86,141,161,0,10,195,29,66,48,22,138,11,7,0,44,220,22,12,65,0
522,99279,31,P,B,243,12-May-2014,15:15:20,53.93805695,-177.49528503,"",401677404,,,0,12-May-2014,15:15:20,,,,189,50,249,81,39,193,15,6,193,48,8,136,86,11,0,59,78,160,76,2,26,25,130,96,15,176,108,20,0,0,0
522,99279,31,K,B,244,13-May-2014,05:30:18,53.96444321,-177.48472595,"",401677420,,,0,13-May-2014,05:30:19,,,,189,12,105,89,40,194,197,78,208,208,5,122,152,161,120,10,199,45,66,144,21,106,98,133,32,43,92,197,11,0,0
522,99279,31,R,B,245,13-May-2014,05:44:57,53.85138702,-177.46777344,"",401677357,,,0,13-May-2014,05:44:57,,,,183,218,249,89,22,65,237,5,1,144,22,234,102,134,192,44,196,221,11,64,87,233,170,20,0,179,19,212,51,0,0
522,99279,31,A,Z,246,13-May-2014,06:57:02,53.97750092,-177.45249939,"",401677401,,,0,13-May-2014,06:57:03,,,,184,123,233,88,251,65,11,16,192,240,7,152,38,8,128,72,194,176,72,2,118,25,130,64,18,240,76,19,0,0,0
522,99279,31,R,Z,247,13-May-2014,07:26:28,54.07416534,-177.46556091,"",401677420,,,0,13-May-2014,07:26:28,,,,188,174,169,88,234,129,119,27,1,208,11,200,248,13,0,33,202,129,54,30,225,79,0,113,159,95,142,79,183,57,148
522,99279,31,B,B,248,13-May-2014,07:52:20,53.96250153,-177.45889282,"",401677404,,,0,13-May-2014,07:52:20,,,,176,63,255,200,61,92,29,35,125,207,249,49,84,7,128,54,2,160,60,1,116,9,1,224,13,160,168,16,0,0,0
522,99279,31,L,B,249,13-May-2014,07:52:20,53.95416641,-177.41917419,"",401677384,,,0,13-May-2014,07:52:20,,,,176,104,16,88,114,129,29,172,193,16,7,101,20,7,128,54,2,160,60,1,116,9,1,224,13,160,168,16,0,0,0
522,99279,31,A,B,250,13-May-2014,08:36:51,54.01527786,-177.28971863,"",401677397,,,0,13-May-2014,08:36:52,,,567,184,209,121,88,208,0,222,150,129,16,6,112,177,56,173,79,19,169,32,0,255,46,211,233,41,115,73,114,127,251,229
522,99279,31,A,B,250,13-May-2014,08:36:51,54.01527786,-177.28971863,"",401677397,,,0,13-May-2014,08:46:19,,,567,176,249,25,88,201,64,236,16,129,32,7,21,52,9,0,59,3,32,72,1,196,57,78,140,74,46,174,242,121,218,103
522,99279,31,R,B,251,13-May-2014,09:01:47,54.01333237,-177.29138184,"",401677427,,,0,13-May-2014,09:01:47,,,,181,41,137,88,131,192,23,58,83,191,107,63,193,245,96,11,7,64,97,203,140,109,165,122,156,231,241,92,184,199,45

PTT,Diags,Passes,Msgs
99279,0,251,444
