DeployID,Ptt,Instr,Date,Type,Quality,Latitude,Longitude,Error radius,Error Semi-major axis,Error Semi-minor axis,Error Ellipse orientation,Offset,Offset orientation,GPE MSD,GPE U,Comment
"39490",39490,Mk10,05:47:58 26-Apr-2014,Argos,3,60.63166809,-178.10221863,174,377,80,107,,,,,
"39490",39490,Mk10,06:14:22 26-Apr-2014,Argos,3,60.63333511,-178.10360718,136,457,40,92,,,,,
"39490",39490,Mk10,06:15:50 26-Apr-2014,Argos,B,60.63305664,-178.10444641,148,400,54,94,,,,,
"39490",39490,Mk10,06:21:13 26-Apr-2014,Argos,A,60.63249969,-178.10360718,201,616,65,85,,,,,
"39490",39490,Mk10,07:06:37 26-Apr-2014,Argos,3,60.63138962,-178.10694885,201,500,80,72,,,,,
"39490",39490,Mk10,07:50:59 26-Apr-2014,Argos,2,60.62805557,-178.10667419,325,2114,50,77,,,,,
"39490",39490,Mk10,07:51:43 26-Apr-2014,Argos,3,60.62611008,-178.11444092,147,499,43,87,,,,,
"39490",39490,Mk10,07:58:19 26-Apr-2014,Argos,2,60.62666702,-178.11277771,267,1473,48,78,,,,,
"39490",39490,Mk10,08:50:09 26-Apr-2014,Argos,A,60.62388992,-178.12055969,312,1438,67,79,,,,,
"39490",39490,Mk10,09:31:52 26-Apr-2014,Argos,2,60.61944580,-178.14027405,312,1050,92,98,,,,,
"39490",39490,Mk10,09:35:50 26-Apr-2014,Argos,2,60.61527634,-178.13806152,330,837,129,87,,,,,
"39490",39490,Mk10,09:43:30 26-Apr-2014,Argos,2,60.61472321,-178.13722229,375,687,204,109,,,,,
"39490",39490,Mk10,10:29:32 26-Apr-2014,Argos,B,60.61472321,-178.14750671,930,1848,467,92,,,,,
"39490",39490,Mk10,11:22:17 26-Apr-2014,Argos,B,60.60916519,-178.15527344,1065,2155,526,90,,,,,
"39490",39490,Mk10,12:46:47 26-Apr-2014,Argos,B,60.60805511,-178.16944885,1530,3268,715,86,,,,,
"39490",39490,Mk10,13:02:56 26-Apr-2014,Argos,3,60.60777664,-178.20611572,180,245,132,97,,,,,
"39490",39490,Mk10,14:16:21 26-Apr-2014,Argos,2,60.60388947,-178.24444580,279,296,262,80,,,,,
"39490",39490,Mk10,14:19:17 26-Apr-2014,Argos,3,60.60666656,-178.23861694,236,373,149,99,,,,,
"39490",39490,Mk10,14:27:37 26-Apr-2014,Argos,B,60.60666656,-178.23861694,289,528,158,92,,,,,
"39490",39490,Mk10,00:12:51 27-Apr-2014,Argos,3,60.65194321,-178.32556152,218,391,122,104,,,,,
"39490",39490,Mk10,00:17:43 27-Apr-2014,Argos,2,60.65277863,-178.33361816,270,575,126,92,,,,,
"39490",39490,Mk10,00:23:02 27-Apr-2014,Argos,2,60.65666580,-178.32861328,258,599,111,97,,,,,
"39490",39490,Mk10,00:42:32 27-Apr-2014,Argos,2,60.65000153,-178.33528137,437,4552,42,80,,,,,
"39490",39490,Mk10,00:59:31 27-Apr-2014,Argos,B,60.64666748,-178.33444214,689,2608,181,79,,,,,
"39490",39490,Mk10,01:08:55 27-Apr-2014,Argos,1,60.65916824,-178.31443787,1022,3851,271,94,,,,,
"39490",39490,Mk10,01:53:34 27-Apr-2014,Argos,B,60.65916824,-178.31166077,1324,3371,519,92,,,,,
"39490",39490,Mk10,01:57:14 27-Apr-2014,Argos,3,60.65388870,-178.32110596,198,652,59,76,,,,,
"39490",39490,Mk10,02:03:06 27-Apr-2014,Argos,3,60.65416718,-178.32305908,144,298,69,91,,,,,
"39490",39490,Mk10,02:23:38 27-Apr-2014,Argos,B,60.64888763,-178.32638550,1014,1228,837,97,,,,,
"39490",39490,Mk10,02:46:22 27-Apr-2014,Argos,A,60.65305710,-178.32666016,305,915,101,105,,,,,
"39490",39490,Mk10,03:42:06 27-Apr-2014,Argos,3,60.64972305,-178.31805420,224,2224,22,78,,,,,
"39490",39490,Mk10,03:44:18 27-Apr-2014,Argos,3,60.65083313,-178.31500244,126,439,36,85,,,,,
"39490",39490,Mk10,04:17:18 27-Apr-2014,Argos,2,60.65083313,-178.31555176,293,961,89,92,,,,,
"39490",39490,Mk10,04:26:06 27-Apr-2014,Argos,A,60.65166855,-178.31472778,273,899,82,95,,,,,
"39490",39490,Mk10,05:22:34 27-Apr-2014,Argos,3,60.64805603,-178.30444336,131,292,58,94,,,,,
"39490",39490,Mk10,05:42:37 27-Apr-2014,Argos,3,60.64916611,-178.30917358,137,325,57,95,,,,,
"39490",39490,Mk10,05:55:34 27-Apr-2014,Argos,3,60.65000153,-178.30972290,178,500,63,100,,,,,
"39490",39490,Mk10,06:05:50 27-Apr-2014,Argos,3,60.64916611,-178.30860901,162,462,56,96,,,,,
"39490",39490,Mk10,06:52:46 27-Apr-2014,Argos,B,60.64749908,-178.31388855,326,690,153,90,,,,,
"39490",39490,Mk10,07:22:50 27-Apr-2014,Argos,3,60.64777756,-178.30221558,154,941,25,102,,,,,
"39490",39490,Mk10,07:30:54 27-Apr-2014,Argos,3,60.64916611,-178.30416870,137,436,42,77,,,,,
"39490",39490,Mk10,07:46:18 27-Apr-2014,Argos,3,60.64833450,-178.30389404,148,656,33,78,,,,,
"39490",39490,Mk10,00:00:01 28-Apr-2014,Argos,B,60.63750076,-178.32638550,1279,2678,610,89,,,,,
"39490",39490,Mk10,00:00:45 28-Apr-2014,Argos,B,60.68777847,-178.29777527,996,5605,176,85,,,,,
"39490",39490,Mk10,00:05:53 28-Apr-2014,Argos,1,60.65555573,-178.27667236,754,1198,474,19,,,,,
"39490",39490,Mk10,00:32:17 28-Apr-2014,Argos,1,60.68527603,-178.28334045,815,8693,76,79,,,,,
"39490",39490,Mk10,00:35:13 28-Apr-2014,Argos,2,60.68750000,-178.29083252,422,1615,110,87,,,,,
"39490",39490,Mk10,00:55:45 28-Apr-2014,Argos,2,60.68833160,-178.29916382,351,1208,101,92,,,,,
"39490",39490,Mk10,01:32:14 28-Apr-2014,Argos,2,60.68805695,-178.30027771,279,473,164,96,,,,,
"39490",39490,Mk10,01:37:34 28-Apr-2014,Argos,B,60.68500137,-178.28860474,497,965,255,97,,,,,
"39490",39490,Mk10,01:44:35 28-Apr-2014,Argos,3,60.69610977,-178.28944397,197,523,73,78,,,,,
"39490",39490,Mk10,02:15:01 28-Apr-2014,Argos,3,60.70333481,-178.27638245,217,408,115,95,,,,,
"39490",39490,Mk10,02:15:34 28-Apr-2014,Argos,3,60.70416641,-178.27694702,243,493,120,92,,,,,
"39490",39490,Mk10,02:32:34 28-Apr-2014,Argos,3,60.70777893,-178.27278137,231,550,97,101,,,,,
"39490",39490,Mk10,03:17:04 28-Apr-2014,Argos,3,60.72777939,-178.28500366,189,762,46,76,,,,,
"39490",39490,Mk10,03:22:04 28-Apr-2014,Argos,3,60.73444366,-178.27499390,196,721,53,84,,,,,
"39490",39490,Mk10,03:27:21 28-Apr-2014,Argos,B,60.72972107,-178.27833557,810,1662,394,90,,,,,
"39490",39490,Mk10,03:56:06 28-Apr-2014,Argos,1,60.75111008,-178.26750183,671,2055,219,98,,,,,
"39490",39490,Mk10,04:11:44 28-Apr-2014,Argos,2,60.74888992,-178.27082825,269,770,93,101,,,,,
"39490",39490,Mk10,04:57:59 28-Apr-2014,Argos,3,60.75638962,-178.27471924,199,474,83,79,,,,,
"39490",39490,Mk10,05:10:13 28-Apr-2014,Argos,A,60.75944519,-178.26805115,282,367,216,128,,,,,
"39490",39490,Mk10,05:34:40 28-Apr-2014,Argos,3,60.76305389,-178.26777649,181,408,79,106,,,,,
"39490",39490,Mk10,05:50:48 28-Apr-2014,Argos,B,60.76610947,-178.26750183,233,431,125,89,,,,,
"39490",39490,Mk10,06:49:50 28-Apr-2014,Argos,3,60.77083206,-178.26972961,219,2422,19,99,,,,,
"39490",39490,Mk10,00:17:38 29-Apr-2014,Argos,A,60.95277786,-178.13583374,258,1041,64,82,,,,,
"39490",39490,Mk10,00:19:24 29-Apr-2014,Argos,1,60.95611191,-178.14138794,634,5059,79,78,,,,,
"39490",39490,Mk10,01:35:22 29-Apr-2014,Argos,3,60.96500015,-178.12944031,211,311,142,75,,,,,
"39490",39490,Mk10,02:00:18 29-Apr-2014,Argos,B,60.96833420,-178.12777710,300,537,167,86,,,,,
"39490",39490,Mk10,02:53:24 29-Apr-2014,Argos,2,60.98138809,-178.10166931,471,1338,165,82,,,,,
"39490",39490,Mk10,03:17:03 29-Apr-2014,Argos,A,60.98472214,-178.09472656,416,1113,155,78,,,,,
"39490",39490,Mk10,04:32:21 29-Apr-2014,Argos,3,61.00027847,-178.06555176,172,652,45,86,,,,,
"39490",39490,Mk10,04:58:15 29-Apr-2014,Argos,A,61.00666809,-178.05722046,271,353,206,141,,,,,
"39490",39490,Mk10,05:15:22 29-Apr-2014,Argos,B,61.00138855,-178.07221985,371,1801,76,92,,,,,
"39490",39490,Mk10,05:40:18 29-Apr-2014,Argos,3,61.01027679,-178.02194214,209,532,82,98,,,,,
"39490",39490,Mk10,06:14:02 29-Apr-2014,Argos,2,61.01499939,-177.99278259,405,574,285,123,,,,,
"39490",39490,Mk10,06:20:23 29-Apr-2014,Argos,A,61.01472092,-178.00500488,164,722,37,89,,,,,
"39490",39490,Mk10,06:50:42 29-Apr-2014,Argos,3,61.01694489,-177.97666931,140,384,50,87,,,,,
"39490",39490,Mk10,07:18:34 29-Apr-2014,Argos,3,61.01805496,-177.95944214,200,633,62,79,,,,,
"39490",39490,Mk10,07:50:11 29-Apr-2014,Argos,B,61.02361298,-177.96194458,466,1203,180,75,,,,,
"39490",39490,Mk10,07:58:20 29-Apr-2014,Argos,B,61.01027679,-177.97027588,671,8191,55,75,,,,,
"39490",39490,Mk10,08:34:18 29-Apr-2014,Argos,B,61.00027847,-177.95027161,922,19449,43,75,,,,,
"39490",39490,Mk10,09:03:37 29-Apr-2014,Argos,3,61.01305389,-177.88166809,149,445,50,80,,,,,
"39490",39490,Mk10,00:04:21 30-Apr-2014,Argos,A,60.91249847,-177.24305725,433,9147,20,74,,,,,
"39490",39490,Mk10,00:04:21 30-Apr-2014,Argos,B,60.97638702,-177.56666565,1251,2691,581,89,,,,,
"39490",39490,Mk10,00:31:39 30-Apr-2014,Argos,B,60.91166687,-177.23277283,524,2684,102,75,,,,,
"39490",39490,Mk10,00:44:19 30-Apr-2014,Argos,B,60.91305542,-177.22721863,560,2191,143,80,,,,,
"39490",39490,Mk10,01:21:02 30-Apr-2014,Argos,B,60.88111115,-177.06694031,261,685,99,57,,,,,
"39490",39490,Mk10,01:33:43 30-Apr-2014,Argos,B,60.88222122,-177.06666565,299,586,152,69,,,,,
"39490",39490,Mk10,01:50:19 30-Apr-2014,Argos,B,60.90055466,-177.22000122,452,7250,28,92,,,,,
"39490",39490,Mk10,02:26:48 30-Apr-2014,Argos,B,60.89222336,-177.05528259,707,1953,255,91,,,,,
"39490",39490,Mk10,03:06:02 30-Apr-2014,Argos,B,60.88639069,-176.99249268,829,1799,382,92,,,,,
"39490",39490,Mk10,03:12:42 30-Apr-2014,Argos,B,60.88527679,-176.99221802,624,1350,288,91,,,,,
"39490",39490,Mk10,03:50:33 30-Apr-2014,Argos,B,60.88111115,-176.94277954,1104,2720,447,92,,,,,
"39490",39490,Mk10,04:02:12 30-Apr-2014,Argos,B,60.89194489,-177.05166626,1322,2750,635,90,,,,,
"39490",39490,Mk10,04:09:24 30-Apr-2014,Argos,B,60.88888931,-177.04916382,852,1801,403,89,,,,,
"39490",39490,Mk10,04:49:52 30-Apr-2014,Argos,B,60.88694382,-177.05027771,586,1278,268,90,,,,,
"39490",39490,Mk10,04:51:22 30-Apr-2014,Argos,A,60.89861298,-176.93083191,1992,5678,698,141,,,,,
"39490",39490,Mk10,05:31:39 30-Apr-2014,Argos,B,60.90139008,-176.89639282,2395,3900,1470,123,,,,,
"39490",39490,Mk10,05:47:01 30-Apr-2014,Argos,B,60.89972305,-176.88250732,1300,4821,350,139,,,,,
"39490",39490,Mk10,05:51:06 30-Apr-2014,Argos,B,60.89833450,-176.87750244,456,1363,152,138,,,,,
"39490",39490,Mk10,06:31:57 30-Apr-2014,Argos,B,60.88639069,-176.82028198,1515,2162,1061,137,,,,,
"39490",39490,Mk10,07:05:32 30-Apr-2014,Argos,1,60.81361008,-176.76943970,1006,1305,775,110,,,,,
"39490",39490,Mk10,07:05:32 30-Apr-2014,Argos,A,60.84888840,-176.23722839,11718,224149,612,93,,,,,
"39490",39490,Mk10,07:22:50 30-Apr-2014,Argos,0,60.86472321,-176.74499512,3623,4215,3114,37,,,,,
"39490",39490,Mk10,08:05:39 30-Apr-2014,Argos,A,60.80777740,-176.71360779,2922,22817,374,80,,,,,
"39490",39490,Mk10,08:49:12 30-Apr-2014,Argos,A,60.79305649,-176.66833496,749,2547,220,79,,,,,
"39490",39490,Mk10,09:04:30 30-Apr-2014,Argos,B,60.78416824,-176.70056152,4663,12106,1796,85,,,,,
"39490",39490,Mk10,09:06:15 30-Apr-2014,Argos,B,60.77861023,-176.68777466,517,2442,109,72,,,,,
"39490",39490,Mk10,09:48:11 30-Apr-2014,Argos,B,60.76666641,-176.69111633,4081,9625,1730,86,,,,,
"39490",39490,Mk10,10:32:51 30-Apr-2014,Argos,B,60.76277924,-176.68611145,7236,11711,4470,131,,,,,
"39490",39490,Mk10,10:42:25 30-Apr-2014,Argos,B,60.73972321,-176.66444397,795,1891,334,81,,,,,
"39490",39490,Mk10,12:15:00 30-Apr-2014,Argos,0,60.74277878,-176.41667175,2130,9621,471,146,,,,,
"39490",39490,Mk10,13:59:13 30-Apr-2014,Argos,3,60.72888947,-176.33749390,166,688,39,96,,,,,
"39490",39490,Mk10,14:00:07 30-Apr-2014,Argos,A,60.72777939,-176.33471680,206,720,59,93,,,,,
"39490",39490,Mk10,14:28:45 30-Apr-2014,Argos,B,60.72027588,-176.31582642,279,619,125,91,,,,,
"39490",39490,Mk10,15:10:48 30-Apr-2014,Argos,A,60.71861267,-176.23554993,460,1198,176,85,,,,,
"39490",39490,Mk10,15:36:32 30-Apr-2014,Argos,B,60.71749878,-176.20944214,451,1422,143,118,,,,,
"39490",39490,Mk10,15:38:35 30-Apr-2014,Argos,B,60.72138977,-176.21249390,282,1090,72,93,,,,,
"39490",39490,Mk10,16:05:54 30-Apr-2014,Argos,B,60.71861267,-176.21000671,284,1174,68,86,,,,,
"39490",39490,Mk10,16:56:15 30-Apr-2014,Argos,B,60.70055389,-176.24667358,694,3889,123,87,,,,,
"39490",39490,Mk10,17:15:26 30-Apr-2014,Argos,A,60.68555450,-176.09083557,585,6948,49,80,,,,,
"39490",39490,Mk10,17:20:25 30-Apr-2014,Argos,B,60.68500137,-176.08471680,955,7823,116,80,,,,,
"39490",39490,Mk10,17:50:32 30-Apr-2014,Argos,A,60.68944550,-176.07167053,1183,8654,161,98,,,,,
"39490",39490,Mk10,18:33:00 30-Apr-2014,Argos,A,60.68111038,-175.97972107,563,3002,105,94,,,,,
"39490",39490,Mk10,18:35:47 30-Apr-2014,Argos,B,60.68055725,-175.97721863,599,2604,138,93,,,,,
"39490",39490,Mk10,18:59:27 30-Apr-2014,Argos,B,60.67055511,-175.95472717,618,1167,326,152,,,,,
"39490",39490,Mk10,19:16:53 30-Apr-2014,Argos,B,60.67527771,-175.94721985,300,385,233,105,,,,,
"39490",39490,Mk10,19:32:38 30-Apr-2014,Argos,B,60.66999817,-175.95166016,569,896,360,175,,,,,
"39490",39490,Mk10,20:13:31 30-Apr-2014,Argos,B,60.70222092,-175.94694519,446,1876,106,101,,,,,
"39490",39490,Mk10,20:13:31 30-Apr-2014,Argos,A,60.68388748,-175.89166260,456,1172,177,92,,,,,
"39490",39490,Mk10,20:39:51 30-Apr-2014,Argos,B,60.70666504,-175.94528198,486,1446,163,98,,,,,
"39490",39490,Mk10,20:59:22 30-Apr-2014,Argos,B,60.70027924,-175.93833923,815,1575,421,95,,,,,
"39490",39490,Mk10,21:07:18 30-Apr-2014,Argos,B,60.68444443,-175.79388428,890,2235,354,97,,,,,
"39490",39490,Mk10,21:09:56 30-Apr-2014,Argos,B,60.70360947,-175.93750000,676,1193,382,94,,,,,
"39490",39490,Mk10,21:54:30 30-Apr-2014,Argos,B,60.70555496,-175.92582703,585,1029,331,91,,,,,
"39490",39490,Mk10,21:56:28 30-Apr-2014,Argos,B,60.69749832,-175.92138672,405,7174,22,96,,,,,
"39490",39490,Mk10,22:12:19 30-Apr-2014,Argos,B,60.70833206,-175.91888428,625,1047,373,91,,,,,
"39490",39490,Mk10,22:56:21 30-Apr-2014,Argos,B,60.74666595,-175.71444702,3764,5443,2602,130,,,,,
"39490",39490,Mk10,23:33:27 30-Apr-2014,Argos,B,60.65416718,-175.54306030,942,2113,420,56,,,,,
"39490",39490,Mk10,23:38:15 30-Apr-2014,Argos,B,60.65416718,-175.54333496,269,523,138,63,,,,,
"39490",39490,Mk10,23:52:57 30-Apr-2014,Argos,B,60.65416718,-175.54306030,314,570,172,74,,,,,
"39490",39490,Mk10,00:27:22 01-May-2014,Argos,B,60.65416718,-175.54249573,369,683,198,83,,,,,
"39490",39490,Mk10,01:36:53 01-May-2014,Argos,B,60.65166855,-175.53999329,524,1019,268,86,,,,,
"39490",39490,Mk10,01:56:56 01-May-2014,Argos,B,60.65139008,-175.54028320,552,1084,280,86,,,,,
"39490",39490,Mk10,02:49:26 01-May-2014,Argos,B,60.65083313,-175.53860474,610,1206,308,87,,,,,
"39490",39490,Mk10,02:55:08 01-May-2014,Argos,B,60.65388870,-175.53334045,634,1226,327,87,,,,,
"39490",39490,Mk10,03:35:08 01-May-2014,Argos,B,60.65416718,-175.53277588,667,1303,341,88,,,,,
"39490",39490,Mk10,03:41:54 01-May-2014,Argos,B,60.64250183,-175.53027344,658,1355,319,88,,,,,
"39490",39490,Mk10,04:33:41 01-May-2014,Argos,B,60.63916779,-175.53195190,707,1500,333,89,,,,,
"39490",39490,Mk10,04:38:21 01-May-2014,Argos,B,60.64472198,-175.50111389,692,1396,342,90,,,,,
"39490",39490,Mk10,05:14:12 01-May-2014,Argos,B,60.53666687,-175.10945129,256,1024,64,62,,,,,
"39490",39490,Mk10,05:16:05 01-May-2014,Argos,B,60.53555679,-175.11193848,164,222,120,81,,,,,
"39490",39490,Mk10,05:23:15 01-May-2014,Argos,B,60.53666687,-175.10945129,284,778,103,67,,,,,
"39490",39490,Mk10,05:23:15 01-May-2014,Argos,B,60.53555679,-175.11193848,198,330,119,87,,,,,
"39490",39490,Mk10,06:07:05 01-May-2014,Argos,A,60.51583481,-175.02583313,783,1819,336,75,,,,,
"39490",39490,Mk10,06:56:54 01-May-2014,Argos,A,60.49944305,-174.98333740,569,20812,15,100,,,,,
"39490",39490,Mk10,06:56:54 01-May-2014,Argos,B,60.49250031,-174.98832703,1139,10028,129,81,,,,,
"39490",39490,Mk10,07:06:09 01-May-2014,Argos,A,60.49111176,-174.92916870,170,811,35,77,,,,,
"39490",39490,Mk10,07:48:58 01-May-2014,Argos,B,60.48555374,-174.90222168,350,859,142,82,,,,,
"39490",39490,Mk10,08:34:25 01-May-2014,Argos,B,60.48222351,-174.88333130,799,3342,190,101,,,,,
"39490",39490,Mk10,08:34:25 01-May-2014,Argos,B,60.48166656,-174.88694763,807,3351,194,101,,,,,
"39490",39490,Mk10,09:32:05 01-May-2014,Argos,B,60.48389053,-174.90834045,854,3139,232,99,,,,,
"39490",39490,Mk10,11:12:03 01-May-2014,Argos,B,60.47499847,-174.87167358,1708,10409,280,102,,,,,
"39490",39490,Mk10,13:46:11 01-May-2014,Argos,B,60.33388901,-174.31527710,400,983,163,109,,,,,
"39490",39490,Mk10,15:02:27 01-May-2014,Argos,B,60.33194351,-174.31333923,652,1349,315,95,,,,,
"39490",39490,Mk10,15:02:27 01-May-2014,Argos,B,60.33361053,-174.31500244,663,1351,325,96,,,,,
"39490",39490,Mk10,15:27:02 01-May-2014,Argos,B,60.33277893,-174.31195068,521,1039,260,95,,,,,
"39490",39490,Mk10,15:49:53 01-May-2014,Argos,B,60.30333328,-174.24333191,1813,4332,759,68,,,,,
"39490",39490,Mk10,16:43:06 01-May-2014,Argos,A,60.31694412,-174.22778320,326,3471,30,100,,,,,
"39490",39490,Mk10,16:45:42 01-May-2014,Argos,B,60.27194595,-174.25027466,1452,19597,107,77,,,,,
"39490",39490,Mk10,17:07:30 01-May-2014,Argos,B,60.27249908,-174.24667358,742,3868,142,78,,,,,
"39490",39490,Mk10,17:29:29 01-May-2014,Argos,B,60.27305603,-174.24610901,803,3245,198,79,,,,,
"39490",39490,Mk10,18:22:34 01-May-2014,Argos,B,60.27222061,-174.24638367,939,2926,301,81,,,,,
"39490",39490,Mk10,18:25:16 01-May-2014,Argos,B,60.27277756,-174.06694031,1846,8122,419,50,,,,,
"39490",39490,Mk10,18:48:32 01-May-2014,Argos,B,60.27388763,-174.06527710,2036,4826,859,57,,,,,
"39490",39490,Mk10,19:08:48 01-May-2014,Argos,B,60.27472305,-174.06443787,1540,3172,747,63,,,,,
"39490",39490,Mk10,19:08:48 01-May-2014,Argos,B,60.27416611,-174.06500244,2186,4525,1056,63,,,,,
"39490",39490,Mk10,19:54:26 01-May-2014,Argos,B,60.27388763,-174.06388855,562,1053,300,70,,,,,
"39490",39490,Mk10,20:06:04 01-May-2014,Argos,B,60.30527878,-173.97166443,1450,2167,969,157,,,,,
"39490",39490,Mk10,20:46:57 01-May-2014,Argos,B,60.27000046,-174.05528259,631,1169,340,74,,,,,
"39490",39490,Mk10,21:37:44 01-May-2014,Argos,2,60.23694611,-173.80778503,352,723,171,96,,,,,
"39490",39490,Mk10,21:41:14 01-May-2014,Argos,B,60.23694611,-173.80749512,251,586,107,101,,,,,
"39490",39490,Mk10,22:04:31 01-May-2014,Argos,2,60.23110962,-173.78166199,384,520,283,98,,,,,
"39490",39490,Mk10,22:22:24 01-May-2014,Argos,A,60.22999954,-173.78138733,695,1290,374,95,,,,,
"39490",39490,Mk10,22:23:07 01-May-2014,Argos,2,60.22277832,-173.77555847,446,1841,108,91,,,,,
"39490",39490,Mk10,22:27:15 01-May-2014,Argos,1,60.22388840,-173.78416443,873,5421,140,105,,,,,
"39490",39490,Mk10,23:12:34 01-May-2014,Argos,1,60.22055435,-173.77166748,914,2069,403,119,,,,,
"39490",39490,Mk10,23:22:33 01-May-2014,Argos,B,60.23611069,-173.75917053,601,1243,290,95,,,,,
"39490",39490,Mk10,23:45:18 01-May-2014,Argos,2,60.22027588,-173.76110840,383,1325,110,86,,,,,
"39490",39490,Mk10,00:02:50 02-May-2014,Argos,B,60.22111130,-173.76583862,981,2877,334,86,,,,,
"39490",39490,Mk10,00:07:12 02-May-2014,Argos,B,60.22416687,-173.74945068,585,1393,245,88,,,,,
"39490",39490,Mk10,00:07:12 02-May-2014,Argos,B,60.22222137,-173.74444580,580,2901,115,65,,,,,
"39490",39490,Mk10,00:56:57 02-May-2014,Argos,B,60.22249985,-173.75471497,796,2136,296,79,,,,,
"39490",39490,Mk10,00:59:04 02-May-2014,Argos,A,60.21277618,-173.72055054,2014,15420,263,57,,,,,
"39490",39490,Mk10,01:29:24 02-May-2014,Argos,1,60.19416809,-173.72917175,1402,2502,785,15,,,,,
"39490",39490,Mk10,01:29:24 02-May-2014,Argos,A,60.20500183,-173.72138977,877,1981,388,28,,,,,
"39490",39490,Mk10,01:38:59 02-May-2014,Argos,A,60.21611023,-173.71249390,1352,3016,605,35,,,,,
"39490",39490,Mk10,01:44:47 02-May-2014,Argos,B,60.20527649,-173.72138977,502,739,340,46,,,,,
"39490",39490,Mk10,02:33:21 02-May-2014,Argos,B,60.20305634,-173.70138550,502,821,306,83,,,,,
"39490",39490,Mk10,02:47:13 02-May-2014,Argos,A,60.19111252,-173.67778015,1802,17119,189,69,,,,,
"39490",39490,Mk10,02:47:13 02-May-2014,Argos,B,60.20388794,-173.70777893,651,1750,242,93,,,,,
"39490",39490,Mk10,03:09:38 02-May-2014,Argos,B,60.17944336,-173.70111084,2261,3925,1302,88,,,,,
"39490",39490,Mk10,03:17:17 02-May-2014,Argos,B,60.19638824,-173.67361450,469,3283,67,61,,,,,
"39490",39490,Mk10,03:28:39 02-May-2014,Argos,B,60.19666672,-173.67527771,1624,6986,377,63,,,,,
"39490",39490,Mk10,04:14:08 02-May-2014,Argos,B,60.19166565,-173.64750671,1417,3631,552,72,,,,,
"39490",39490,Mk10,04:26:01 02-May-2014,Argos,B,60.18750000,-173.64611816,1397,3367,579,75,,,,,
"39490",39490,Mk10,04:43:55 02-May-2014,Argos,B,60.18027878,-173.63945007,1720,4890,604,88,,,,,
"39490",39490,Mk10,05:00:23 02-May-2014,Argos,B,60.16777802,-173.66499329,356,1128,111,141,,,,,
"39490",39490,Mk10,05:00:23 02-May-2014,Argos,B,60.17361069,-173.63555908,720,2315,223,90,,,,,
"39490",39490,Mk10,05:03:00 02-May-2014,Argos,B,60.17777634,-173.65611267,422,844,210,5,,,,,
"39490",39490,Mk10,05:52:04 02-May-2014,Argos,A,60.13916779,-173.64721680,582,2056,164,121,,,,,
"39490",39490,Mk10,06:23:04 02-May-2014,Argos,A,60.13055420,-173.61555481,900,12295,65,98,,,,,
"39490",39490,Mk10,06:48:04 02-May-2014,Argos,B,60.12194443,-173.62277222,1251,2489,628,104,,,,,
"39490",39490,Mk10,07:26:41 02-May-2014,Argos,A,60.11944580,-173.60610962,283,1689,47,88,,,,,
"39490",39490,Mk10,08:03:15 02-May-2014,Argos,B,60.11111069,-173.58583069,522,1686,161,87,,,,,
"39490",39490,Mk10,08:26:21 02-May-2014,Argos,A,60.10305405,-173.56304932,251,1698,37,90,,,,,
"39490",39490,Mk10,09:13:04 02-May-2014,Argos,B,60.09500122,-173.54472351,332,2736,40,79,,,,,
"39490",39490,Mk10,09:41:37 02-May-2014,Argos,A,60.08499908,-173.54611206,597,3145,113,90,,,,,
"39490",39490,Mk10,10:03:01 02-May-2014,Argos,B,60.08333206,-173.52360535,441,1423,136,84,,,,,
"39490",39490,Mk10,10:08:17 02-May-2014,Argos,2,60.08139038,-173.57804871,437,667,285,106,,,,,
"39490",39490,Mk10,11:18:58 02-May-2014,Argos,B,60.08861160,-173.53611755,1909,5954,611,108,,,,,
"39490",39490,Mk10,11:58:27 02-May-2014,Argos,A,60.06805420,-173.51083374,1276,7790,209,72,,,,,
"39490",39490,Mk10,12:52:42 02-May-2014,Argos,A,60.03527832,-173.54666138,557,1687,183,112,,,,,
"39490",39490,Mk10,13:44:38 02-May-2014,Argos,B,60.02305603,-173.55194092,1967,7274,531,121,,,,,
"39490",39490,Mk10,14:36:58 02-May-2014,Argos,B,60.00416565,-173.54833984,2102,6191,713,119,,,,,
"39490",39490,Mk10,15:15:24 02-May-2014,Argos,A,60.03610992,-173.58721924,620,6485,59,105,,,,,
"39490",39490,Mk10,15:21:34 02-May-2014,Argos,A,60.03888702,-173.59777832,286,621,131,109,,,,,
"39490",39490,Mk10,16:12:12 02-May-2014,Argos,B,60.03055573,-173.59083557,415,973,176,52,,,,,
"39490",39490,Mk10,16:32:19 02-May-2014,Argos,B,60.01805496,-173.62222290,638,3208,127,108,,,,,
"39490",39490,Mk10,16:59:32 02-May-2014,Argos,B,60.01805496,-173.62249756,469,1557,141,106,,,,,
"39490",39490,Mk10,16:59:32 02-May-2014,Argos,B,60.01666641,-173.62527466,522,1381,197,97,,,,,
"39490",39490,Mk10,17:56:42 02-May-2014,Argos,B,60.01139069,-173.64443970,606,1480,248,95,,,,,
"39490",39490,Mk10,18:12:32 02-May-2014,Argos,B,60.00972366,-173.64721680,622,1447,267,95,,,,,
"39490",39490,Mk10,18:56:38 02-May-2014,Argos,B,60.00749969,-173.64721680,926,2755,311,81,,,,,
"39490",39490,Mk10,19:39:39 02-May-2014,Argos,B,59.95999908,-173.61972046,1932,9664,386,80,,,,,
"39490",39490,Mk10,19:51:41 02-May-2014,Argos,B,60.00722122,-173.62611389,1046,3254,335,79,,,,,
"39490",39490,Mk10,00:55:50 03-May-2014,Argos,B,59.96055603,-173.61027527,1206,3839,379,81,,,,,
"39490",39490,Mk10,01:16:27 03-May-2014,Argos,B,60.01472092,-173.38082886,635,4071,99,135,,,,,
"39490",39490,Mk10,01:18:59 03-May-2014,Argos,B,60.00916672,-173.37554932,616,3269,116,134,,,,,
"39490",39490,Mk10,02:28:41 03-May-2014,Argos,B,60.01388931,-173.37971497,725,1594,330,126,,,,,
"39490",39490,Mk10,02:53:24 03-May-2014,Argos,B,59.97944260,-173.29138184,5910,24991,1397,147,,,,,
"39490",39490,Mk10,04:10:18 03-May-2014,Argos,B,59.95944595,-173.37638855,5182,9318,2882,111,,,,,
"39490",39490,Mk10,04:14:20 03-May-2014,Argos,B,59.95944595,-173.08749390,6611,34999,1248,16,,,,,
"39490",39490,Mk10,04:32:36 03-May-2014,Argos,B,59.84527588,-173.11805725,2265,5143,997,19,,,,,
"39490",39490,Mk10,04:53:55 03-May-2014,Argos,B,59.92305374,-173.09889221,2961,6777,1293,19,,,,,
"39490",39490,Mk10,02:23:37 04-May-2014,Argos,B,59.35583496,-173.39999390,4066,6367,2597,84,,,,,
"39490",39490,Mk10,03:31:07 04-May-2014,Argos,Z,59.45083237,-173.13610840,12549,39903,3946,31,,,,,
"39490",39490,Mk10,04:08:07 04-May-2014,Argos,B,59.39583206,-171.43333435,336,7085,15,80,,,,,
"39490",39490,Mk10,05:21:16 04-May-2014,Argos,Z,59.01416779,-173.52722168,4086,9521,1753,73,,,,,
"39490",39490,Mk10,05:43:05 04-May-2014,Argos,B,59.38805389,-171.37194824,527,6372,43,97,,,,,
"39490",39490,Mk10,05:50:43 04-May-2014,Argos,1,59.39389038,-171.35333252,724,762,687,118,,,,,
"39490",39490,Mk10,06:17:07 04-May-2014,Argos,3,59.39083481,-171.34222412,185,349,98,83,,,,,
"39490",39490,Mk10,07:02:23 04-May-2014,Argos,2,59.39444351,-171.32417297,303,1929,47,98,,,,,
"39490",39490,Mk10,07:42:38 04-May-2014,Argos,B,59.39527893,-171.33778381,427,1702,107,76,,,,,
"39490",39490,Mk10,07:52:56 04-May-2014,Argos,B,59.39527893,-171.33778381,446,1398,142,78,,,,,
"39490",39490,Mk10,09:22:44 04-May-2014,Argos,1,59.39416504,-171.28166199,879,6043,127,99,,,,,
"39490",39490,Mk10,09:43:38 04-May-2014,Argos,2,59.39194489,-171.24444580,324,580,180,78,,,,,
"39490",39490,Mk10,10:06:07 04-May-2014,Argos,A,59.38972092,-171.22027588,627,892,439,81,,,,,
"39490",39490,Mk10,10:18:10 04-May-2014,Argos,B,59.38972092,-171.22084045,1025,1787,588,88,,,,,
"39490",39490,Mk10,11:32:26 04-May-2014,Argos,1,59.39027786,-171.20249939,595,1440,245,125,,,,,
"39490",39490,Mk10,21:29:02 04-May-2014,Argos,B,59.39083481,-171.08639526,1483,2999,732,91,,,,,
"39490",39490,Mk10,21:31:32 04-May-2014,Argos,A,59.30250168,-170.88667297,310,534,179,90,,,,,
"39490",39490,Mk10,21:47:15 04-May-2014,Argos,1,59.30500031,-170.88221741,1085,8684,135,98,,,,,
"39490",39490,Mk10,22:11:55 04-May-2014,Argos,1,59.30444336,-170.84388733,858,5993,122,94,,,,,
"39490",39490,Mk10,22:46:14 04-May-2014,Argos,B,59.30333328,-170.83500671,1693,4159,689,92,,,,,
"39490",39490,Mk10,22:47:56 04-May-2014,Argos,0,59.30110931,-170.84445190,1541,6147,386,109,,,,,
"39490",39490,Mk10,23:05:14 04-May-2014,Argos,1,59.29305649,-170.84500122,602,1178,307,107,,,,,
"39490",39490,Mk10,23:12:35 04-May-2014,Argos,2,59.29444504,-170.84638977,255,541,120,72,,,,,
"39490",39490,Mk10,23:28:51 04-May-2014,Argos,2,59.28694534,-170.83666992,377,987,143,106,,,,,
"39490",39490,Mk10,23:54:42 04-May-2014,Argos,A,59.28388977,-170.82278442,467,1721,126,79,,,,,
"39490",39490,Mk10,00:24:17 05-May-2014,Argos,B,59.28805542,-170.82499695,444,736,267,134,,,,,
"39490",39490,Mk10,00:26:28 05-May-2014,Argos,2,59.28277588,-170.82167053,396,1631,96,98,,,,,
"39490",39490,Mk10,00:52:47 05-May-2014,Argos,B,59.27972412,-170.81222534,429,1358,135,90,,,,,
"39490",39490,Mk10,00:53:09 05-May-2014,Argos,B,59.27972412,-170.81555176,496,2310,106,90,,,,,
"39490",39490,Mk10,01:13:50 05-May-2014,Argos,B,59.27972412,-170.81555176,567,1936,166,90,,,,,
"39490",39490,Mk10,01:33:20 05-May-2014,Argos,B,59.27944565,-170.81195068,516,1734,153,91,,,,,
"39490",39490,Mk10,02:00:18 05-May-2014,Argos,B,59.27833176,-170.79666138,566,1689,189,91,,,,,
"39490",39490,Mk10,09:30:32 05-May-2014,Argos,A,59.27833176,-170.55722046,1688,8086,352,52,,,,,
"39490",39490,Mk10,09:46:54 05-May-2014,Argos,A,59.29777908,-170.53222656,394,1153,134,81,,,,,
"39490",39490,Mk10,09:47:55 05-May-2014,Argos,0,59.30222321,-170.51861572,1685,5035,563,42,,,,,
"39490",39490,Mk10,11:20:09 05-May-2014,Argos,2,59.30749893,-170.46305847,428,1211,151,131,,,,,
"39490",39490,Mk10,11:26:21 05-May-2014,Argos,B,59.30972290,-170.46388245,668,3470,128,128,,,,,
"39490",39490,Mk10,13:04:04 05-May-2014,Argos,B,59.30444336,-170.42138672,738,1622,335,117,,,,,
"39490",39490,Mk10,17:27:33 05-May-2014,Argos,B,59.30500031,-170.45361328,1305,3835,444,97,,,,,
"39490",39490,Mk10,17:38:34 05-May-2014,Argos,B,59.30083466,-170.47193909,1100,3595,336,112,,,,,
"39490",39490,Mk10,20:43:12 05-May-2014,Argos,B,59.23416519,-170.32444763,984,11376,85,87,,,,,
"39490",39490,Mk10,23:03:52 05-May-2014,Argos,B,59.21749878,-170.28166199,1030,5277,200,87,,,,,
"39490",39490,Mk10,23:16:26 05-May-2014,Argos,B,59.28694534,-170.37638855,1691,6568,435,90,,,,,
"39490",39490,Mk10,01:40:31 06-May-2014,Argos,B,59.28194427,-170.32139587,1643,6006,449,88,,,,,
"39490",39490,Mk10,01:54:01 06-May-2014,Argos,B,59.28388977,-170.39694214,1524,5010,463,86,,,,,
"39490",39490,Mk10,02:27:08 06-May-2014,Argos,B,59.27861023,-170.40138245,1499,4732,474,87,,,,,
"39490",39490,Mk10,09:19:08 06-May-2014,Argos,B,59.25055695,-170.32444763,1723,4921,603,88,,,,,
"39490",39490,Mk10,09:19:08 06-May-2014,Argos,B,59.22666550,-170.39332581,1516,4373,525,95,,,,,
"39490",39490,Mk10,09:25:11 06-May-2014,Argos,3,59.13472366,-170.22471619,211,409,108,91,,,,,
"39490",39490,Mk10,11:10:09 06-May-2014,Argos,B,59.11555481,-170.21360779,747,1829,305,109,,,,,
"39490",39490,Mk10,12:29:31 06-May-2014,Argos,B,59.10194397,-170.19833374,1574,4386,564,115,,,,,
"39490",39490,Mk10,12:50:15 06-May-2014,Argos,B,59.09833145,-170.19166565,667,2621,169,158,,,,,
"39490",39490,Mk10,22:31:41 06-May-2014,Argos,B,59.00138855,-170.08193970,1138,1884,686,97,,,,,
"39490",39490,Mk10,22:47:07 06-May-2014,Argos,1,58.99305725,-170.02694702,845,3011,236,72,,,,,
"39490",39490,Mk10,23:08:57 06-May-2014,Argos,1,58.99305725,-169.99389648,807,3177,204,105,,,,,
"39490",39490,Mk10,23:11:20 06-May-2014,Argos,1,58.98277664,-170.05444336,574,1570,210,113,,,,,
"39490",39490,Mk10,02:24:29 07-May-2014,Argos,B,58.94833374,-170.01472473,1640,3069,876,93,,,,,
"39490",39490,Mk10,02:49:56 07-May-2014,Argos,2,58.92139053,-169.89500427,443,1824,107,77,,,,,
"39490",39490,Mk10,04:09:11 07-May-2014,Argos,B,58.92166519,-169.89527893,1943,3809,991,89,,,,,
"39490",39490,Mk10,08:26:31 07-May-2014,Argos,B,58.86944580,-169.83721924,5058,9284,2755,113,,,,,
"39490",39490,Mk10,11:01:19 07-May-2014,Argos,B,58.87666702,-169.84500122,8388,22329,3150,124,,,,,
"39490",39490,Mk10,12:01:37 07-May-2014,Argos,1,58.86416626,-169.84889221,933,4830,180,83,,,,,
"39490",39490,Mk10,12:41:14 07-May-2014,Argos,3,58.84555435,-169.85110474,238,519,109,88,,,,,
"39490",39490,Mk10,13:38:12 07-May-2014,Argos,B,58.82972336,-169.84722900,925,1793,477,89,,,,,
"39490",39490,Mk10,13:51:50 07-May-2014,Argos,B,58.84722137,-169.84165955,746,1506,369,133,,,,,
"39490",39490,Mk10,16:40:19 07-May-2014,Argos,B,58.82166672,-169.83500671,729,1262,420,108,,,,,
"39490",39490,Mk10,18:55:34 07-May-2014,Argos,B,58.76833344,-169.79333496,1006,1569,644,114,,,,,
"39490",39490,Mk10,23:52:50 07-May-2014,Argos,B,58.67694473,-169.79083252,1827,2388,1396,148,,,,,
"39490",39490,Mk10,02:04:00 08-May-2014,Argos,B,58.58333206,-169.74499512,1052,13352,82,58,,,,,
"39490",39490,Mk10,08:48:26 08-May-2014,Argos,B,58.69194412,-169.68028259,5642,177324,179,80,,,,,
"39490",39490,Mk10,08:50:25 08-May-2014,Argos,B,58.40388870,-169.69055176,1313,3502,492,66,,,,,
"39490",39490,Mk10,18:46:44 08-May-2014,Argos,B,58.54694366,-169.44667053,5462,12751,2339,87,,,,,
"39490",39490,Mk10,20:54:58 08-May-2014,Argos,B,58.73138809,-170.02139282,338,1665,68,82,,,,,
"39490",39490,Mk10,20:57:53 08-May-2014,Argos,B,58.73138809,-170.02111816,251,1006,62,83,,,,,
"39490",39490,Mk10,21:49:15 08-May-2014,Argos,B,58.77055740,-169.97860718,1044,13017,83,99,,,,,
"39490",39490,Mk10,00:06:40 09-May-2014,Argos,B,58.80027771,-169.94583130,2214,5114,958,93,,,,,
"39490",39490,Mk10,05:22:01 09-May-2014,Argos,B,58.83277893,-169.92166138,7197,16497,3139,54,,,,,
"39490",39490,Mk10,05:28:00 09-May-2014,Argos,A,58.73638916,-170.11389160,1695,7008,410,138,,,,,
"39490",39490,Mk10,05:56:32 09-May-2014,Argos,Z,58.72833252,-170.03388977,8757,22717,3375,49,,,,,
"39490",39490,Mk10,08:28:17 09-May-2014,Argos,B,58.70833206,-170.05583191,5598,11219,2792,52,,,,,
"39490",39490,Mk10,10:23:09 09-May-2014,Argos,B,58.71694565,-170.04916382,6254,13237,2954,51,,,,,
"39490",39490,Mk10,11:00:39 09-May-2014,Argos,B,58.68916702,-170.07943726,4418,6120,3189,65,,,,,
"39490",39490,Mk10,12:20:17 09-May-2014,Argos,A,58.74666595,-170.19139099,1876,20108,175,99,,,,,
"39490",39490,Mk10,12:38:40 09-May-2014,Argos,B,58.75083160,-170.20333862,1996,10255,388,98,,,,,
"39490",39490,Mk10,13:33:14 09-May-2014,Argos,B,58.75972366,-170.22610474,1897,6223,578,100,,,,,
"39490",39490,Mk10,16:53:14 09-May-2014,Argos,B,58.76027679,-170.23916626,2202,5422,894,95,,,,,
"39490",39490,Mk10,17:21:38 09-May-2014,Argos,B,58.75333405,-170.21055603,1345,5407,334,103,,,,,
"39490",39490,Mk10,17:27:44 09-May-2014,Argos,B,58.75249863,-170.20693970,1270,4704,342,103,,,,,
"39490",39490,Mk10,17:27:44 09-May-2014,Argos,B,58.75416565,-170.20666504,1346,5384,336,103,,,,,
"39490",39490,Mk10,19:07:46 09-May-2014,Argos,B,58.79944611,-170.10861206,7364,31070,1745,111,,,,,
"39490",39490,Mk10,03:20:34 10-May-2014,Argos,B,58.90527725,-170.06250000,1771,5322,589,85,,,,,
"39490",39490,Mk10,07:15:11 10-May-2014,Argos,B,58.90861130,-170.09527588,2074,7397,581,80,,,,,
"39490",39490,Mk10,10:03:30 10-May-2014,Argos,B,58.95611191,-170.07583618,1761,4012,772,84,,,,,
"39490",39490,Mk10,15:29:34 10-May-2014,Argos,B,59.04055405,-170.03111267,1968,3026,1279,78,,,,,
"39490",39490,Mk10,15:29:34 10-May-2014,Argos,B,59.06305695,-170.03083801,3336,5755,1933,34,,,,,
"39490",39490,Mk10,16:43:29 10-May-2014,Argos,B,59.08194351,-170.02221680,3350,5698,1969,34,,,,,
"39490",39490,Mk10,17:04:27 10-May-2014,Argos,B,59.10555649,-170.02305603,3072,5652,1669,42,,,,,
"39490",39490,Mk10,17:04:27 10-May-2014,Argos,B,59.14166641,-170.00332642,1687,3134,908,83,,,,,
"39490",39490,Mk10,18:25:19 10-May-2014,Argos,B,59.16999817,-170.01333618,1434,2714,757,100,,,,,
"39490",39490,Mk10,20:41:09 10-May-2014,Argos,B,59.19111252,-170.00000000,1160,44646,30,87,,,,,
"39490",39490,Mk10,21:54:28 10-May-2014,Argos,B,59.22000122,-169.99221802,1219,11015,134,87,,,,,
"39490",39490,Mk10,22:06:16 10-May-2014,Argos,B,59.22444534,-169.99221802,1226,10377,144,87,,,,,
"39490",39490,Mk10,22:24:05 10-May-2014,Argos,B,59.21194458,-169.98916626,1338,5070,353,85,,,,,
"39490",39490,Mk10,22:46:45 10-May-2014,Argos,B,59.23166656,-169.96139526,1023,32732,31,113,,,,,
"39490",39490,Mk10,23:21:13 10-May-2014,Argos,A,59.21805573,-169.88250732,641,2402,170,129,,,,,
"39490",39490,Mk10,23:28:04 10-May-2014,Argos,1,59.21444321,-169.88444519,768,3880,152,94,,,,,
"39490",39490,Mk10,23:39:01 10-May-2014,Argos,B,59.21638870,-169.87554932,755,2586,220,90,,,,,
"39490",39490,Mk10,23:46:37 10-May-2014,Argos,A,59.21527863,-169.87222290,1020,6836,152,60,,,,,
"39490",39490,Mk10,01:01:04 11-May-2014,Argos,A,59.21166611,-169.80166626,460,4078,51,75,,,,,
"39490",39490,Mk10,01:07:33 11-May-2014,Argos,B,59.21333313,-169.79666138,610,3015,123,76,,,,,
"39490",39490,Mk10,01:12:54 11-May-2014,Argos,B,59.21250153,-169.79972839,530,2476,113,76,,,,,
"39490",39490,Mk10,01:28:51 11-May-2014,Argos,A,59.20861053,-169.80639648,812,1656,398,126,,,,,
"39490",39490,Mk10,01:37:26 11-May-2014,Argos,B,59.22333145,-169.82638550,2836,6988,1150,129,,,,,
"39490",39490,Mk10,02:35:47 11-May-2014,Argos,B,59.23444366,-169.72055054,1033,2440,437,83,,,,,
"39490",39490,Mk10,02:49:39 11-May-2014,Argos,B,59.23860931,-169.78694153,3589,16272,791,69,,,,,
"39490",39490,Mk10,04:24:24 11-May-2014,Argos,B,59.22916794,-169.73971558,1164,5179,261,77,,,,,
"39490",39490,Mk10,04:26:41 11-May-2014,Argos,B,59.23083496,-169.80166626,651,6058,69,93,,,,,
"39490",39490,Mk10,04:36:06 11-May-2014,Argos,B,59.22388840,-169.67472839,910,3362,246,99,,,,,
"39490",39490,Mk10,11:32:40 11-May-2014,Argos,B,59.28944397,-169.42555237,1633,3369,791,92,,,,,
"39490",39490,Mk10,11:56:59 11-May-2014,Argos,2,59.29555511,-169.41944885,363,887,148,108,,,,,
"39490",39490,Mk10,13:09:39 11-May-2014,Argos,1,59.28222275,-169.43722534,1441,6019,345,108,,,,,
"39490",39490,Mk10,13:10:01 11-May-2014,Argos,B,59.28277588,-169.43833923,842,3406,207,108,,,,,
"39490",39490,Mk10,13:37:19 11-May-2014,Argos,A,59.28638840,-169.46888733,206,682,62,84,,,,,
"39490",39490,Mk10,15:02:30 11-May-2014,Argos,B,59.29694366,-169.43139648,494,1336,182,88,,,,,
"39490",39490,Mk10,16:30:28 11-May-2014,Argos,B,59.27750015,-169.48194885,1213,6924,212,79,,,,,
"39490",39490,Mk10,16:30:28 11-May-2014,Argos,B,59.30305481,-169.40750122,1329,7141,247,77,,,,,
"39490",39490,Mk10,16:48:22 11-May-2014,Argos,B,59.29944611,-169.42111206,1834,13141,256,76,,,,,
"39490",39490,Mk10,18:04:41 11-May-2014,Argos,B,59.29777908,-169.42195129,1884,11854,299,76,,,,,
"39490",39490,Mk10,18:28:22 11-May-2014,Argos,B,59.30916595,-169.36361694,2100,14244,309,76,,,,,
"39490",39490,Mk10,18:44:42 11-May-2014,Argos,B,59.20639038,-169.11083984,1449,53916,39,86,,,,,
"39490",39490,Mk10,19:50:01 11-May-2014,Argos,2,59.21194458,-169.17805481,281,576,136,98,,,,,
"39490",39490,Mk10,19:50:01 11-May-2014,Argos,1,59.21083450,-169.16528320,646,3091,134,88,,,,,
"39490",39490,Mk10,19:54:25 11-May-2014,Argos,3,59.21027756,-169.17916870,212,535,84,91,,,,,
"39490",39490,Mk10,20:15:41 11-May-2014,Argos,1,59.20805740,-169.18527222,538,1350,214,105,,,,,
"39490",39490,Mk10,20:20:05 11-May-2014,Argos,A,59.20277786,-169.24221802,557,2559,121,111,,,,,
"39490",39490,Mk10,20:45:17 11-May-2014,Argos,B,59.19250107,-169.22639465,4181,8803,1985,100,,,,,
"39490",39490,Mk10,22:21:08 11-May-2014,Argos,A,59.23166656,-169.20639038,3145,57659,171,94,,,,,
"39490",39490,Mk10,23:07:07 11-May-2014,Argos,B,59.23833466,-169.21556091,4640,21791,987,94,,,,,
"39490",39490,Mk10,23:07:07 11-May-2014,Argos,B,59.23722076,-169.21444702,3712,12907,1067,98,,,,,
"39490",39490,Mk10,00:50:34 12-May-2014,Argos,B,59.22944260,-169.18305969,1513,2841,805,89,,,,,
"39490",39490,Mk10,01:22:04 12-May-2014,Argos,B,59.23194504,-169.19583130,966,2576,361,93,,,,,
"39490",39490,Mk10,01:22:04 12-May-2014,Argos,B,59.23027802,-169.20056152,544,1267,233,94,,,,,
"39490",39490,Mk10,02:37:34 12-May-2014,Argos,B,59.23944473,-169.21028137,651,1428,296,93,,,,,
"39490",39490,Mk10,04:05:46 12-May-2014,Argos,0,59.17777634,-169.28944397,1854,8273,415,99,,,,,
"39490",39490,Mk10,04:12:22 12-May-2014,Argos,1,59.14444351,-169.31971741,660,2862,152,91,,,,,
"39490",39490,Mk10,04:13:06 12-May-2014,Argos,1,59.14389038,-169.32666016,551,1595,190,96,,,,,
"39490",39490,Mk10,04:26:22 12-May-2014,Argos,3,59.15139008,-169.33749390,244,639,92,87,,,,,
"39490",39490,Mk10,04:37:30 12-May-2014,Argos,A,59.14972305,-169.34805298,235,593,93,106,,,,,
"39490",39490,Mk10,05:42:56 12-May-2014,Argos,B,59.14888763,-169.36000061,723,1185,441,97,,,,,
"39490",39490,Mk10,07:17:18 12-May-2014,Argos,B,59.13222122,-169.37222290,658,11299,38,77,,,,,
"39490",39490,Mk10,09:01:44 12-May-2014,Argos,B,59.13027954,-169.37666321,872,2809,270,80,,,,,
"39490",39490,Mk10,11:53:01 12-May-2014,Argos,B,59.12194443,-169.42527771,992,3324,296,83,,,,,
"39490",39490,Mk10,12:38:39 12-May-2014,Argos,2,59.08583450,-169.44833374,454,1400,147,102,,,,,
"39490",39490,Mk10,13:00:37 12-May-2014,Argos,B,59.08499908,-169.44250488,726,1555,338,96,,,,,
"39490",39490,Mk10,13:26:55 12-May-2014,Argos,3,59.06333160,-169.45304871,239,901,63,97,,,,,
"39490",39490,Mk10,14:14:22 12-May-2014,Argos,2,59.04916763,-169.46777344,289,799,104,84,,,,,
"39490",39490,Mk10,14:33:16 12-May-2014,Argos,B,59.04999924,-169.46694946,619,1309,292,88,,,,,
"39490",39490,Mk10,14:39:12 12-May-2014,Argos,1,59.05611038,-169.46444702,1180,3034,458,17,,,,,
"39490",39490,Mk10,15:52:31 12-May-2014,Argos,B,59.03694534,-169.49861145,894,1767,452,89,,,,,
"39490",39490,Mk10,19:27:23 12-May-2014,Argos,A,59.02305603,-169.66999817,4141,16062,1067,18,,,,,
"39490",39490,Mk10,19:33:49 12-May-2014,Argos,B,59.05222321,-169.50610352,683,1482,314,91,,,,,
"39490",39490,Mk10,23:03:04 12-May-2014,Argos,B,59.00000000,-169.59027100,3646,7514,1769,90,,,,,
"39490",39490,Mk10,23:37:20 12-May-2014,Argos,Z,59.11333466,-169.43139648,11754,59941,2304,61,,,,,
"39490",39490,Mk10,02:08:14 13-May-2014,Argos,B,59.09749985,-169.47639465,5075,23455,1098,64,,,,,
"39490",39490,Mk10,02:08:14 13-May-2014,Argos,B,59.13277817,-169.42333984,2886,12528,664,68,,,,,
"39490",39490,Mk10,02:14:01 13-May-2014,Argos,A,59.18138885,-169.45916748,1296,95266,17,79,,,,,
"39490",39490,Mk10,03:50:47 13-May-2014,Argos,B,59.13694382,-169.62750244,5261,34482,802,83,,,,,
"39490",39490,Mk10,05:19:43 13-May-2014,Argos,1,59.09888840,-169.82556152,613,1488,252,95,,,,,
"39490",39490,Mk10,05:39:31 13-May-2014,Argos,3,59.08555603,-169.82972717,226,740,69,94,,,,,
"39490",39490,Mk10,06:07:23 13-May-2014,Argos,3,59.08444595,-169.83082581,153,266,87,83,,,,,
"39490",39490,Mk10,06:13:15 13-May-2014,Argos,1,59.07833481,-169.85028076,542,931,315,111,,,,,
"39490",39490,Mk10,07:13:05 13-May-2014,Argos,1,59.09111023,-169.81971741,1064,3879,291,116,,,,,
"39490",39490,Mk10,11:32:46 13-May-2014,Argos,2,59.05861282,-169.71694946,458,668,314,109,,,,,
"39490",39490,Mk10,12:11:11 13-May-2014,Argos,B,59.05389023,-169.72471619,990,1713,571,90,,,,,
"39490",39490,Mk10,13:16:12 13-May-2014,Argos,A,59.05833435,-169.72361755,293,729,117,148,,,,,
"39490",39490,Mk10,21:32:53 13-May-2014,Argos,B,59.09388733,-169.70611572,684,7104,65,106,,,,,
"39490",39490,Mk10,22:26:15 13-May-2014,Argos,B,59.09749985,-169.69749451,7858,46163,1337,104,,,,,
"39490",39490,Mk10,22:46:54 13-May-2014,Argos,B,59.10416794,-169.72305298,4860,19913,1185,105,,,,,
"39490",39490,Mk10,23:19:38 13-May-2014,Argos,B,59.09972382,-169.70611572,8245,35049,1939,103,,,,,
"39490",39490,Mk10,23:19:38 13-May-2014,Argos,B,59.16444397,-169.92555237,656,3139,137,62,,,,,
"39490",39490,Mk10,23:19:38 13-May-2014,Argos,B,59.16472244,-169.92527771,655,3120,137,62,,,,,
"39490",39490,Mk10,00:59:08 14-May-2014,Argos,B,59.15611267,-169.93583679,547,9535,31,80,,,,,
"39490",39490,Mk10,01:02:16 14-May-2014,Argos,B,59.15750122,-169.92805481,468,5865,37,80,,,,,
"39490",39490,Mk10,01:37:58 14-May-2014,Argos,B,59.15583420,-169.93556213,561,2764,114,81,,,,,
"39490",39490,Mk10,02:14:16 14-May-2014,Argos,B,59.15555573,-169.93695068,622,2407,160,82,,,,,
"39490",39490,Mk10,03:49:12 14-May-2014,Argos,B,59.15611267,-169.94166565,719,2213,233,84,,,,,
"39490",39490,Mk10,05:12:27 14-May-2014,Argos,B,59.16305542,-169.92388916,809,2338,280,86,,,,,
"39490",39490,Mk10,13:06:20 14-May-2014,Argos,A,59.06055450,-169.72416687,608,3739,98,65,,,,,
"39490",39490,Mk10,13:20:18 14-May-2014,Argos,B,59.05972290,-169.72277832,690,2265,210,69,,,,,
"39490",39490,Mk10,14:51:27 14-May-2014,Argos,B,59.05389023,-169.71417236,767,1638,359,80,,,,,
"39490",39490,Mk10,14:51:27 14-May-2014,Argos,B,59.05361176,-169.71861267,745,1526,363,95,,,,,
"39490",39490,Mk10,03:06:08 15-May-2014,Argos,B,59.05166626,-169.74638367,1231,2273,666,92,,,,,
"39490",39490,Mk10,08:52:02 15-May-2014,Argos,B,59.00027847,-169.67944336,3169,10371,968,120,,,,,
"39490",39490,Mk10,10:40:34 15-May-2014,Argos,B,59.03916550,-169.77194214,3027,9043,1013,124,,,,,
"39490",39490,Mk10,11:09:47 15-May-2014,Argos,B,59.03694534,-169.79833984,1629,5365,494,111,,,,,
"39490",39490,Mk10,11:15:05 15-May-2014,Argos,B,59.04666519,-169.87055969,359,2943,43,82,,,,,
"39490",39490,Mk10,12:48:11 15-May-2014,Argos,B,59.03138733,-169.87832642,2026,3086,1329,110,,,,,
"39490",39490,Mk10,12:53:09 15-May-2014,Argos,1,59.03166580,-169.88221741,790,2657,235,143,,,,,
"39490",39490,Mk10,15:49:59 15-May-2014,Argos,B,59.03361130,-169.89916992,1217,2275,650,96,,,,,
"39490",39490,Mk10,21:20:11 15-May-2014,Argos,B,59.02694321,-169.92916870,1927,4535,818,82,,,,,
"39490",39490,Mk10,02:32:59 16-May-2014,Argos,B,59.06999969,-169.90415955,2266,9794,524,83,,,,,
"39490",39490,Mk10,10:14:36 16-May-2014,Argos,B,59.08388901,-169.89916992,2026,7546,544,82,,,,,
"39490",39490,Mk10,10:41:33 16-May-2014,Argos,A,59.16444397,-169.37750244,7993,44484,1436,69,,,,,
"39490",39490,Mk10,12:17:46 16-May-2014,Argos,B,59.16694260,-169.38278198,8516,34339,2111,71,,,,,
"39490",39490,Mk10,12:52:55 16-May-2014,Argos,B,59.16777802,-169.37167358,6162,21823,1739,72,,,,,
"39490",39490,Mk10,15:37:00 16-May-2014,Argos,B,59.24444580,-169.20639038,863,4504,165,107,,,,,
"39490",39490,Mk10,03:18:03 17-May-2014,Argos,B,59.27500153,-169.17166138,2391,5058,1130,94,,,,,
"39490",39490,Mk10,06:30:25 17-May-2014,Argos,B,59.26472092,-169.20166016,4690,13018,1689,70,,,,,
"39490",39490,Mk10,15:28:48 17-May-2014,Argos,B,59.27222061,-169.18916321,2593,5902,1138,89,,,,,
"39490",39490,Mk10,15:54:39 17-May-2014,Argos,B,59.56250000,-170.10333252,1613,4331,600,76,,,,,
"39490",39490,Mk10,16:41:42 17-May-2014,Argos,A,59.56083298,-170.11193848,717,6792,75,73,,,,,
"39490",39490,Mk10,18:17:38 17-May-2014,Argos,B,59.56083298,-170.11305237,478,1255,181,84,,,,,
"39490",39490,Mk10,18:47:22 17-May-2014,Argos,B,59.56472397,-170.11054993,549,1215,247,84,,,,,
"39490",39490,Mk10,20:49:27 17-May-2014,Argos,1,59.63639069,-170.24221802,665,2767,159,91,,,,,
"39490",39490,Mk10,20:51:15 17-May-2014,Argos,B,59.56527710,-170.15638733,521,1457,185,130,,,,,
"39490",39490,Mk10,21:07:08 17-May-2014,Argos,2,59.63805389,-170.23167419,389,2236,67,92,,,,,
"39490",39490,Mk10,04:36:55 18-May-2014,Argos,B,59.68444443,-170.21499634,3326,6636,1666,89,,,,,
"39490",39490,Mk10,04:59:03 18-May-2014,Argos,B,59.74666595,-170.22305298,7947,21116,2991,41,,,,,
"39490",39490,Mk10,05:13:15 18-May-2014,Argos,Z,59.60889053,-170.33999634,8944,22677,3527,39,,,,,
"39490",39490,Mk10,05:20:23 18-May-2014,Argos,Z,59.87861252,-170.20832825,7972,21541,2950,46,,,,,
"39490",39490,Mk10,06:52:50 18-May-2014,Argos,B,59.67916489,-170.28694153,8247,19988,3402,41,,,,,
"39490",39490,Mk10,06:52:50 18-May-2014,Argos,B,59.62972260,-170.34304810,7530,17947,3159,39,,,,,
"39490",39490,Mk10,14:35:13 18-May-2014,Argos,B,59.54916763,-170.56056213,2420,4182,1400,42,,,,,
"39490",39490,Mk10,01:39:25 19-May-2014,Argos,B,59.35944366,-170.86666870,5854,6682,5128,172,,,,,
"39490",39490,Mk10,01:39:25 19-May-2014,Argos,B,59.91305542,-170.67056274,13064,18886,9036,81,,,,,
"39490",39490,Mk10,02:53:09 19-May-2014,Argos,B,59.72360992,-170.80749512,9049,26823,3052,100,,,,,
"39490",39490,Mk10,04:11:35 21-May-2014,Argos,B,61.93277740,-175.20361328,487,12296,19,91,,,,,
"39490",39490,Mk10,04:36:49 21-May-2014,Argos,B,61.93277740,-175.20443726,522,3566,76,91,,,,,
"39490",39490,Mk10,05:32:33 21-May-2014,Argos,B,61.93416595,-175.19694519,595,2521,140,91,,,,,
"39490",39490,Mk10,05:57:09 21-May-2014,Argos,B,61.93472290,-175.20443726,638,2511,162,91,,,,,
"39490",39490,Mk10,06:21:29 21-May-2014,Argos,B,61.93666840,-175.21221924,681,2484,186,90,,,,,
"39490",39490,Mk10,11:49:50 21-May-2014,Argos,B,61.96222305,-175.22332764,982,2683,359,90,,,,,
"39490",39490,Mk10,14:34:29 21-May-2014,Argos,A,62.38972092,-175.52722168,279,1310,59,86,,,,,
"39490",39490,Mk10,14:41:03 21-May-2014,Argos,B,62.38999939,-175.53027344,416,1289,134,76,,,,,
"39490",39490,Mk10,15:08:34 21-May-2014,Argos,B,62.38999939,-175.53027344,310,713,134,85,,,,,
"39490",39490,Mk10,15:51:03 21-May-2014,Argos,A,62.39194489,-175.56361389,575,1080,306,28,,,,,
"39490",39490,Mk10,16:12:43 21-May-2014,Argos,B,62.39083481,-175.53138733,565,1248,255,87,,,,,
"39490",39490,Mk10,16:19:38 21-May-2014,Argos,B,62.39055634,-175.53027344,454,1001,205,88,,,,,
"39490",39490,Mk10,20:00:34 21-May-2014,Argos,B,62.45055389,-175.58721924,3449,8757,1358,85,,,,,
"39490",39490,Mk10,22:16:52 21-May-2014,Argos,B,62.45194626,-175.58222961,4179,9913,1761,87,,,,,
"39490",39490,Mk10,22:57:48 21-May-2014,Argos,B,62.49805450,-175.62306213,3020,7504,1215,86,,,,,
"39490",39490,Mk10,22:57:48 21-May-2014,Argos,B,62.50416565,-175.64527893,852,2107,344,85,,,,,
"39490",39490,Mk10,06:02:30 22-May-2014,Argos,B,62.66416550,-175.88861084,1143,2467,529,85,,,,,
"39490",39490,Mk10,21:30:39 22-May-2014,Argos,Z,63.50666809,-176.47500610,1259,3584,441,88,,,,,
"39490",39490,Mk10,07:52:23 23-May-2014,Argos,1,64.34333038,-177.44500732,1224,24921,60,76,,,,,
"39490",39490,Mk10,08:32:32 23-May-2014,Argos,1,64.34999847,-177.53416443,971,5992,157,84,,,,,
"39490",39490,Mk10,09:08:47 23-May-2014,Argos,2,64.35694122,-177.50027466,342,1399,83,89,,,,,
"39490",39490,Mk10,09:28:06 23-May-2014,Argos,A,64.35555267,-177.50471497,660,2436,178,84,,,,,
"39490",39490,Mk10,10:19:26 23-May-2014,Argos,2,64.35722351,-177.48832703,424,894,201,68,,,,,
"39490",39490,Mk10,10:22:22 23-May-2014,Argos,B,64.35722351,-177.48861694,285,579,140,69,,,,,
"39490",39490,Mk10,10:49:30 23-May-2014,Argos,B,64.35944366,-177.49055481,359,741,173,83,,,,,
"39490",39490,Mk10,11:23:14 23-May-2014,Argos,A,64.36750031,-177.47583008,449,804,250,117,,,,,
"39490",39490,Mk10,11:57:27 23-May-2014,Argos,A,64.36250305,-177.47027588,462,1839,115,105,,,,,
"39490",39490,Mk10,13:05:54 23-May-2014,Argos,3,64.36750031,-177.48194885,175,406,75,93,,,,,
"39490",39490,Mk10,13:36:42 23-May-2014,Argos,2,64.36805725,-177.47944641,256,793,82,96,,,,,
"39490",39490,Mk10,14:16:18 23-May-2014,Argos,A,64.36777496,-177.47416687,346,584,205,97,,,,,
"39490",39490,Mk10,14:45:38 23-May-2014,Argos,3,64.37139130,-177.47250366,220,3243,14,99,,,,,
"39490",39490,Mk10,15:00:18 23-May-2014,Argos,A,64.37249756,-177.46249390,225,701,71,104,,,,,
"39490",39490,Mk10,15:14:58 23-May-2014,Argos,3,64.37055206,-177.47193909,155,389,61,83,,,,,
"39490",39490,Mk10,15:54:34 23-May-2014,Argos,2,64.36833191,-177.47528076,373,2730,51,92,,,,,
"39490",39490,Mk10,00:03:25 24-May-2014,Argos,2,64.37500000,-177.39694214,288,487,170,100,,,,,
"39490",39490,Mk10,00:12:57 24-May-2014,Argos,3,64.37694550,-177.40361023,213,420,107,87,,,,,
"39490",39490,Mk10,00:34:13 24-May-2014,Argos,3,64.37666321,-177.40554810,230,728,72,109,,,,,
"39490",39490,Mk10,00:46:32 24-May-2014,Argos,2,64.37555695,-177.39999390,280,1387,56,80,,,,,
"39490",39490,Mk10,00:51:49 24-May-2014,Argos,B,64.37638855,-177.39750671,273,691,107,89,,,,,
"39490",39490,Mk10,00:58:25 24-May-2014,Argos,2,64.37860870,-177.38945007,408,780,213,100,,,,,
"39490",39490,Mk10,01:40:57 24-May-2014,Argos,B,64.37472534,-177.38833618,598,1782,200,89,,,,,
"39490",39490,Mk10,01:53:25 24-May-2014,Argos,1,64.37361145,-177.43861389,949,3991,225,77,,,,,
"39490",39490,Mk10,02:15:25 24-May-2014,Argos,0,64.39277649,-177.40861511,1946,6572,576,95,,,,,
"39490",39490,Mk10,02:33:01 24-May-2014,Argos,B,64.38027954,-177.38667297,481,1995,115,102,,,,,
"39490",39490,Mk10,02:38:09 24-May-2014,Argos,3,64.38277435,-177.38528442,137,373,50,81,,,,,
"39490",39490,Mk10,03:18:29 24-May-2014,Argos,A,64.36055756,-177.44250488,1267,3486,460,100,,,,,
"39490",39490,Mk10,03:36:44 24-May-2014,Argos,2,64.39527893,-177.39971924,336,2152,52,90,,,,,
"39490",39490,Mk10,03:53:24 24-May-2014,Argos,1,64.40249634,-177.36889648,643,1761,234,98,,,,,
"39490",39490,Mk10,04:15:19 24-May-2014,Argos,2,64.39638519,-177.38610840,285,1820,44,88,,,,,
"39490",39490,Mk10,04:51:15 24-May-2014,Argos,A,64.39944458,-177.37916565,248,784,78,101,,,,,
"39490",39490,Mk10,04:57:51 24-May-2014,Argos,3,64.39916992,-177.37554932,191,525,69,98,,,,,
"39490",39490,Mk10,05:19:07 24-May-2014,Argos,B,64.39944458,-177.37527466,247,435,139,98,,,,,
"39490",39490,Mk10,05:34:16 24-May-2014,Argos,2,64.39944458,-177.36666870,339,411,279,120,,,,,
"39490",39490,Mk10,06:33:11 24-May-2014,Argos,3,64.39583588,-177.36610413,188,638,55,92,,,,,
"39490",39490,Mk10,07:13:31 24-May-2014,Argos,3,64.39194489,-177.35667419,234,877,62,77,,,,,
"39490",39490,Mk10,07:32:35 24-May-2014,Argos,B,64.39138794,-177.35638428,369,2737,49,83,,,,,
"39490",39490,Mk10,08:12:11 24-May-2014,Argos,3,64.39083099,-177.34194946,161,468,55,99,,,,,
"39490",39490,Mk10,08:12:11 24-May-2014,Argos,3,64.39138794,-177.34222412,134,555,32,87,,,,,
"39490",39490,Mk10,00:04:09 25-May-2014,Argos,2,64.42639160,-177.14611816,273,634,117,91,,,,,
"39490",39490,Mk10,00:22:29 25-May-2014,Argos,1,64.43499756,-177.13333130,514,2046,129,105,,,,,
"39490",39490,Mk10,00:32:45 25-May-2014,Argos,1,64.43611145,-177.13305664,546,2250,132,93,,,,,
"39490",39490,Mk10,00:37:53 25-May-2014,Argos,2,64.43527985,-177.13305664,322,2626,39,81,,,,,
"39490",39490,Mk10,00:39:21 25-May-2014,Argos,B,64.43527985,-177.13278198,280,1465,53,82,,,,,
"39490",39490,Mk10,01:16:45 25-May-2014,Argos,2,64.44139099,-177.11555481,392,1597,96,101,,,,,
"39490",39490,Mk10,01:38:45 25-May-2014,Argos,2,64.44388580,-177.13082886,310,1187,80,72,,,,,
"39490",39490,Mk10,02:02:13 25-May-2014,Argos,3,64.45055389,-177.12416077,187,520,67,91,,,,,
"39490",39490,Mk10,02:13:57 25-May-2014,Argos,3,64.44777679,-177.10945129,178,373,84,81,,,,,
"39490",39490,Mk10,02:13:57 25-May-2014,Argos,B,64.44583130,-177.11778259,446,1009,197,100,,,,,
"39490",39490,Mk10,02:18:50 25-May-2014,Argos,3,64.44721985,-177.12306213,210,481,91,99,,,,,
"39490",39490,Mk10,03:00:53 25-May-2014,Argos,B,64.45055389,-177.11444092,1388,3202,601,89,,,,,
"39490",39490,Mk10,03:19:57 25-May-2014,Argos,3,64.45555878,-177.09416199,146,628,34,87,,,,,
"39490",39490,Mk10,03:54:25 25-May-2014,Argos,3,64.45639038,-177.09722900,189,1617,22,81,,,,,
"39490",39490,Mk10,04:37:41 25-May-2014,Argos,3,64.45722198,-177.08999634,208,702,61,95,,,,,
"39490",39490,Mk10,05:11:25 25-May-2014,Argos,B,64.45805359,-177.08500671,311,781,123,92,,,,,
"39490",39490,Mk10,05:18:45 25-May-2014,Argos,3,64.45944214,-177.07638550,173,194,153,126,,,,,
"39490",39490,Mk10,05:27:33 25-May-2014,Argos,B,64.45944214,-177.07444763,213,338,133,91,,,,,
"39490",39490,Mk10,05:36:21 25-May-2014,Argos,B,64.45944214,-177.07556152,252,480,132,89,,,,,
"39490",39490,Mk10,06:01:17 25-May-2014,Argos,3,64.45972443,-177.06916809,132,411,42,92,,,,,
"39490",39490,Mk10,06:10:49 25-May-2014,Argos,3,64.45944214,-177.06666565,150,306,73,82,,,,,
"39490",39490,Mk10,07:00:41 25-May-2014,Argos,3,64.45777893,-177.05805969,202,539,75,79,,,,,
"39490",39490,Mk10,07:07:46 25-May-2014,Argos,3,64.45777893,-177.05389404,140,473,41,77,,,,,
"39490",39490,Mk10,07:41:01 25-May-2014,Argos,3,64.45610809,-177.04666138,196,922,41,101,,,,,
"39490",39490,Mk10,07:51:17 25-May-2014,Argos,2,64.45666504,-177.04611206,273,2447,30,80,,,,,
"39490",39490,Mk10,00:12:13 26-May-2014,Argos,3,64.46944427,-176.80528259,191,426,85,94,,,,,
"39490",39490,Mk10,00:19:33 26-May-2014,Argos,3,64.46916962,-176.80166626,216,1724,26,81,,,,,
"39490",39490,Mk10,00:55:29 26-May-2014,Argos,2,64.47110748,-176.79804993,282,1076,74,98,,,,,
"39490",39490,Mk10,01:30:41 26-May-2014,Argos,3,64.47499847,-176.79499817,206,567,75,83,,,,,
"39490",39490,Mk10,01:49:45 26-May-2014,Argos,3,64.47583008,-176.79222107,138,330,57,81,,,,,
"39490",39490,Mk10,01:51:57 26-May-2014,Argos,A,64.47694397,-176.79194641,153,421,55,85,,,,,
"39490",39490,Mk10,02:07:21 26-May-2014,Argos,3,64.48000336,-176.78555298,207,484,88,92,,,,,
"39490",39490,Mk10,02:35:57 26-May-2014,Argos,A,64.48611450,-176.78083801,249,1022,60,91,,,,,
"39490",39490,Mk10,03:14:05 26-May-2014,Argos,3,64.48805237,-176.77528381,143,675,30,86,,,,,
"39490",39490,Mk10,03:28:16 26-May-2014,Argos,2,64.48860931,-176.77777100,302,2872,31,79,,,,,
"39490",39490,Mk10,03:29:29 26-May-2014,Argos,3,64.48889160,-176.77722168,149,565,39,83,,,,,
"39490",39490,Mk10,03:49:17 26-May-2014,Argos,B,64.49138641,-176.77221680,274,682,109,88,,,,,
"39490",39490,Mk10,03:50:01 26-May-2014,Argos,1,64.48527527,-176.76972961,509,783,330,55,,,,,
"39490",39490,Mk10,04:15:41 26-May-2014,Argos,3,64.48583221,-176.77082825,198,400,97,114,,,,,
"39490",39490,Mk10,04:59:41 26-May-2014,Argos,B,64.48805237,-176.76527405,343,729,161,95,,,,,
"39490",39490,Mk10,05:09:13 26-May-2014,Argos,3,64.49861145,-176.75361633,210,499,87,93,,,,,
"39490",39490,Mk10,05:09:28 26-May-2014,Argos,3,64.50000000,-176.75083923,231,675,79,83,,,,,
"39490",39490,Mk10,05:28:17 26-May-2014,Argos,3,64.50138855,-176.74916077,162,476,55,99,,,,,
"39490",39490,Mk10,06:50:03 26-May-2014,Argos,3,64.50389099,-176.72277832,137,387,48,79,,,,,
"39490",39490,Mk10,07:03:37 26-May-2014,Argos,2,64.50305176,-176.72027588,408,4311,38,99,,,,,
"39490",39490,Mk10,07:30:45 26-May-2014,Argos,3,64.50277710,-176.70639038,156,1108,22,76,,,,,
"39490",39490,Mk10,08:28:41 26-May-2014,Argos,1,64.50055695,-176.68388367,593,4494,78,77,,,,,
"39490",39490,Mk10,00:01:57 27-May-2014,Argos,3,64.54027557,-176.50250244,223,411,121,123,,,,,
"39490",39490,Mk10,00:09:17 27-May-2014,Argos,3,64.53833008,-176.49916077,206,1750,24,79,,,,,
"39490",39490,Mk10,00:37:09 27-May-2014,Argos,3,64.53778076,-176.49249268,225,655,77,89,,,,,
"39490",39490,Mk10,01:20:25 27-May-2014,Argos,3,64.53861237,-176.48583984,203,480,85,75,,,,,
"39490",39490,Mk10,01:23:06 27-May-2014,Argos,A,64.53861237,-176.48527527,137,282,66,72,,,,,
"39490",39490,Mk10,01:38:01 27-May-2014,Argos,3,64.54083252,-176.48472595,159,502,50,99,,,,,
"39490",39490,Mk10,01:55:37 27-May-2014,Argos,3,64.54027557,-176.47805786,198,513,76,98,,,,,
"39490",39490,Mk10,02:16:09 27-May-2014,Argos,2,64.54528046,-176.47528076,282,952,83,89,,,,,
"39490",39490,Mk10,02:57:57 27-May-2014,Argos,3,64.54499817,-176.47583008,223,870,57,83,,,,,
"39490",39490,Mk10,03:04:33 27-May-2014,Argos,3,64.54611206,-176.46916199,206,919,46,79,,,,,
"39490",39490,Mk10,03:17:45 27-May-2014,Argos,3,64.54694366,-176.46499634,226,506,101,99,,,,,
"39490",39490,Mk10,03:56:37 27-May-2014,Argos,A,64.54916382,-176.46417236,376,1300,108,97,,,,,
"39490",39490,Mk10,04:42:49 27-May-2014,Argos,3,64.55666351,-176.46556091,133,372,47,90,,,,,
"39490",39490,Mk10,04:47:57 27-May-2014,Argos,A,64.55694580,-176.46444702,170,532,54,88,,,,,
"39490",39490,Mk10,04:58:13 27-May-2014,Argos,2,64.55638885,-176.46777344,261,655,103,99,,,,,
"39490",39490,Mk10,05:36:21 27-May-2014,Argos,3,64.56083679,-176.47222900,139,390,49,88,,,,,
"39490",39490,Mk10,06:37:57 27-May-2014,Argos,3,64.56610870,-176.46444702,160,589,43,85,,,,,
"39490",39490,Mk10,06:38:41 27-May-2014,Argos,3,64.56749725,-176.46417236,166,785,35,93,,,,,
"39490",39490,Mk10,07:10:13 27-May-2014,Argos,3,64.56888580,-176.45777893,139,565,34,77,,,,,
"39490",39490,Mk10,08:18:54 27-May-2014,Argos,3,64.57166290,-176.44194031,154,411,57,108,,,,,
"39490",39490,Mk10,00:05:52 28-May-2014,Argos,A,64.55916595,-176.24444580,675,13935,32,82,,,,,
