DeployID,Ptt,DepthSensor,Source,Instr,Count,Start,End,What,Number,Shape,DepthMin,DepthMax,DurationMin,DurationMax,Number,Shape,DepthMin,DepthMax,DurationMin,DurationMax,Number,Shape,DepthMin,DepthMax,DurationMin,DurationMax,Shallow,Deep
"40858",40858,0.500000,Argos,Mk10,29,02:55:00 21-Apr-2014,06:46:18 21-Apr-2014,Message,10,,,,13868.000000,13888.000000,,,,,,,,,,,,,
"40858",40858,0.500000,Argos,Mk10,29,02:55:00 21-Apr-2014,03:38:56 21-Apr-2014,Surface,,,,,2635,2637,,,,,,,,,,,,,2636,0
"40858",40858,0.500000,Argos,Mk10,29,03:38:56 21-Apr-2014,03:47:20 21-Apr-2014,Dive,1,U,158.0,161.5,503,505,,,,,,,,,,,,,
"40858",40858,0.500000,Argos,Mk10,29,03:47:20 21-Apr-2014,04:02:26 21-Apr-2014,Surface,,,,,905,907,,,,,,,,,,,,,614,292
"40858",40858,0.500000,Argos,Mk10,29,04:02:26 21-Apr-2014,04:03:46 21-Apr-2014,Dive,1,Square,4.5,4.5,79,81,,,,,,,,,,,,,
"40858",40858,0.500000,Argos,Mk10,29,04:03:46 21-Apr-2014,06:11:50 21-Apr-2014,Surface,,,,,7683,7685,,,,,,,,,,,,,6693,991
"40858",40858,0.500000,Argos,Mk10,29,06:11:50 21-Apr-2014,06:21:10 21-Apr-2014,Dive,1,Square,162.0,165.5,559,561,,,,,,,,,,,,,
"40858",40858,0.500000,Argos,Mk10,29,06:21:10 21-Apr-2014,06:26:16 21-Apr-2014,Surface,,,,,305,307,,,,,,,,,,,,,296,10
"40858",40858,0.500000,Argos,Mk10,29,06:26:16 21-Apr-2014,06:35:02 21-Apr-2014,Dive,1,Square,126.0,129.5,525,527,,,,,,,,,,,,,
"40858",40858,0.500000,Argos,Mk10,29,06:35:02 21-Apr-2014,06:36:12 21-Apr-2014,Surface,,,,,69,71,,,,,,,,,,,,,70,0
"40858",40858,0.500000,Argos,Mk10,29,06:36:12 21-Apr-2014,06:46:18 21-Apr-2014,Dive,1,Square,162.0,165.5,605,607,,,,,,,,,,,,,
"40858",40858,0.500000,Argos,Mk10,33,06:46:00 21-Apr-2014,08:43:02 21-Apr-2014,Message,10,,,,7012.000000,7032.000000,,,,,,,,,,,,,
"40858",40858,0.500000,Argos,Mk10,33,06:46:00 21-Apr-2014,06:53:22 21-Apr-2014,Surface,,,,,441,443,,,,,,,,,,,,,442,0
"40858",40858,0.500000,Argos,Mk10,33,06:53:22 21-Apr-2014,06:54:40 21-Apr-2014,Dive,1,Square,5.5,5.5,77,79,,,,,,,,,,,,,
"40858",40858,0.500000,Argos,Mk10,33,06:54:40 21-Apr-2014,07:57:30 21-Apr-2014,Surface,,,,,3769,3771,,,,,,,,,,,,,3770,0
"40858",40858,0.500000,Argos,Mk10,33,07:57:30 21-Apr-2014,08:07:46 21-Apr-2014,Dive,1,Square,138.0,141.5,615,617,,,,,,,,,,,,,
"40858",40858,0.500000,Argos,Mk10,33,08:07:46 21-Apr-2014,08:09:42 21-Apr-2014,Surface,,,,,115,117,,,,,,,,,,,,,116,0
"40858",40858,0.500000,Argos,Mk10,33,08:09:42 21-Apr-2014,08:19:34 21-Apr-2014,Dive,1,Square,130.0,133.5,591,593,,,,,,,,,,,,,
"40858",40858,0.500000,Argos,Mk10,33,08:19:34 21-Apr-2014,08:21:20 21-Apr-2014,Surface,,,,,105,107,,,,,,,,,,,,,106,0
"40858",40858,0.500000,Argos,Mk10,33,08:21:20 21-Apr-2014,08:29:52 21-Apr-2014,Dive,1,Square,130.0,133.5,511,513,,,,,,,,,,,,,
"40858",40858,0.500000,Argos,Mk10,33,08:29:52 21-Apr-2014,08:36:52 21-Apr-2014,Surface,,,,,419,421,,,,,,,,,,,,,379,41
"40858",40858,0.500000,Argos,Mk10,33,08:36:52 21-Apr-2014,08:43:02 21-Apr-2014,Dive,1,U,93.0,94.5,369,371,,,,,,,,,,,,,
"40858",40858,0.500000,Argos,Mk10,20,08:43:00 21-Apr-2014,14:20:26 21-Apr-2014,Message,10,,,,20236.000000,20256.000000,,,,,,,,,,,,,
"40858",40858,0.500000,Argos,Mk10,20,08:43:00 21-Apr-2014,08:46:50 21-Apr-2014,Surface,,,,,229,231,,,,,,,,,,,,,223,7
"40858",40858,0.500000,Argos,Mk10,20,08:46:50 21-Apr-2014,08:53:44 21-Apr-2014,Dive,1,U,113.0,114.5,413,415,,,,,,,,,,,,,
"40858",40858,0.500000,Argos,Mk10,20,08:53:44 21-Apr-2014,13:24:48 21-Apr-2014,Surface,,,,,16263,16265,,,,,,,,,,,,,16264,0
"40858",40858,0.500000,Argos,Mk10,20,13:24:48 21-Apr-2014,13:33:14 21-Apr-2014,Dive,1,U,154.0,157.5,505,507,,,,,,,,,,,,,
"40858",40858,0.500000,Argos,Mk10,20,13:33:14 21-Apr-2014,13:46:08 21-Apr-2014,Surface,,,,,773,775,,,,,,,,,,,,,649,125
"40858",40858,0.500000,Argos,Mk10,20,13:46:08 21-Apr-2014,13:47:46 21-Apr-2014,Dive,1,Square,15.5,15.5,97,99,,,,,,,,,,,,,
"40858",40858,0.500000,Argos,Mk10,20,13:47:46 21-Apr-2014,14:12:18 21-Apr-2014,Surface,,,,,1471,1473,,,,,,,,,,,,,1425,47
"40858",40858,0.500000,Argos,Mk10,20,14:12:18 21-Apr-2014,14:15:22 21-Apr-2014,Dive,1,Square,30.5,31.0,183,185,,,,,,,,,,,,,
"40858",40858,0.500000,Argos,Mk10,20,14:15:22 21-Apr-2014,14:17:28 21-Apr-2014,Surface,,,,,125,127,,,,,,,,,,,,,110,16
"40858",40858,0.500000,Argos,Mk10,20,14:17:28 21-Apr-2014,14:20:26 21-Apr-2014,Dive,1,Square,36.5,37.0,177,179,,,,,,,,,,,,,
"40858",40858,0.500000,Argos,Mk10,20,14:20:00 21-Apr-2014,14:59:50 21-Apr-2014,Message,11,,,,2379.000000,2401.000000,,,,,,,,,,,,,
"40858",40858,0.500000,Argos,Mk10,20,14:20:00 21-Apr-2014,14:21:50 21-Apr-2014,Surface,,,,,109,111,,,,,,,,,,,,,110,0
"40858",40858,0.500000,Argos,Mk10,20,14:21:50 21-Apr-2014,14:26:02 21-Apr-2014,Dive,1,Square,39.5,40.0,251,253,,,,,,,,,,,,,
"40858",40858,0.500000,Argos,Mk10,20,14:26:02 21-Apr-2014,14:27:10 21-Apr-2014,Surface,,,,,67,69,,,,,,,,,,,,,68,0
"40858",40858,0.500000,Argos,Mk10,20,14:27:10 21-Apr-2014,14:33:40 21-Apr-2014,Dive,1,U,107.0,108.5,389,391,,,,,,,,,,,,,
"40858",40858,0.500000,Argos,Mk10,20,14:33:40 21-Apr-2014,14:34:50 21-Apr-2014,Surface,,,,,69,71,,,,,,,,,,,,,70,0
"40858",40858,0.500000,Argos,Mk10,20,14:34:50 21-Apr-2014,14:42:58 21-Apr-2014,Dive,1,U,113.0,114.5,487,489,,,,,,,,,,,,,
"40858",40858,0.500000,Argos,Mk10,20,14:42:58 21-Apr-2014,14:44:30 21-Apr-2014,Surface,,,,,91,93,,,,,,,,,,,,,92,0
"40858",40858,0.500000,Argos,Mk10,20,14:44:30 21-Apr-2014,14:52:52 21-Apr-2014,Dive,1,Square,117.0,118.5,501,503,,,,,,,,,,,,,
"40858",40858,0.500000,Argos,Mk10,20,14:52:52 21-Apr-2014,14:53:54 21-Apr-2014,Surface,,,,,61,63,,,,,,,,,,,,,62,0
"40858",40858,0.500000,Argos,Mk10,20,14:53:54 21-Apr-2014,14:58:38 21-Apr-2014,Dive,1,Square,40.5,41.0,283,285,,,,,,,,,,,,,
"40858",40858,0.500000,Argos,Mk10,20,14:58:38 21-Apr-2014,14:59:50 21-Apr-2014,Surface,,,,,71,73,,,,,,,,,,,,,72,0
"40858",40858,0.500000,Argos,Mk10,17,15:00:00 21-Apr-2014,15:55:42 21-Apr-2014,Message,10,,,,3332.000000,3352.000000,,,,,,,,,,,,,
"40858",40858,0.500000,Argos,Mk10,17,15:00:00 21-Apr-2014,15:09:16 21-Apr-2014,Dive,1,Square,134.0,137.5,555,557,,,,,,,,,,,,,
"40858",40858,0.500000,Argos,Mk10,17,15:09:16 21-Apr-2014,15:10:34 21-Apr-2014,Surface,,,,,77,79,,,,,,,,,,,,,78,0
"40858",40858,0.500000,Argos,Mk10,17,15:10:34 21-Apr-2014,15:20:02 21-Apr-2014,Dive,1,Square,119.0,121.5,567,569,,,,,,,,,,,,,
"40858",40858,0.500000,Argos,Mk10,17,15:20:02 21-Apr-2014,15:21:26 21-Apr-2014,Surface,,,,,83,85,,,,,,,,,,,,,84,0
"40858",40858,0.500000,Argos,Mk10,17,15:21:26 21-Apr-2014,15:29:14 21-Apr-2014,Dive,1,Square,134.0,137.5,467,469,,,,,,,,,,,,,
"40858",40858,0.500000,Argos,Mk10,17,15:29:14 21-Apr-2014,15:30:50 21-Apr-2014,Surface,,,,,95,97,,,,,,,,,,,,,96,0
"40858",40858,0.500000,Argos,Mk10,17,15:30:50 21-Apr-2014,15:40:00 21-Apr-2014,Dive,1,Square,158.0,161.5,549,551,,,,,,,,,,,,,
"40858",40858,0.500000,Argos,Mk10,17,15:40:00 21-Apr-2014,15:41:50 21-Apr-2014,Surface,,,,,109,111,,,,,,,,,,,,,110,0
"40858",40858,0.500000,Argos,Mk10,17,15:41:50 21-Apr-2014,15:50:52 21-Apr-2014,Dive,1,Square,158.0,161.5,541,543,,,,,,,,,,,,,
"40858",40858,0.500000,Argos,Mk10,17,15:50:52 21-Apr-2014,15:55:42 21-Apr-2014,Surface,,,,,289,291,,,,,,,,,,,,,290,0
"40858",40858,0.500000,Argos,Mk10,18,15:56:00 21-Apr-2014,16:54:24 21-Apr-2014,Message,10,,,,3494.000000,3514.000000,,,,,,,,,,,,,
"40858",40858,0.500000,Argos,Mk10,18,15:56:00 21-Apr-2014,16:03:36 21-Apr-2014,Dive,1,Square,170.0,173.5,455,457,,,,,,,,,,,,,
"40858",40858,0.500000,Argos,Mk10,18,16:03:36 21-Apr-2014,16:04:56 21-Apr-2014,Surface,,,,,79,81,,,,,,,,,,,,,80,0
"40858",40858,0.500000,Argos,Mk10,18,16:04:56 21-Apr-2014,16:13:04 21-Apr-2014,Dive,1,Square,170.0,173.5,487,489,,,,,,,,,,,,,
"40858",40858,0.500000,Argos,Mk10,18,16:13:04 21-Apr-2014,16:14:58 21-Apr-2014,Surface,,,,,113,115,,,,,,,,,,,,,114,0
"40858",40858,0.500000,Argos,Mk10,18,16:14:58 21-Apr-2014,16:24:32 21-Apr-2014,Dive,1,Square,170.0,173.5,573,575,,,,,,,,,,,,,
"40858",40858,0.500000,Argos,Mk10,18,16:24:32 21-Apr-2014,16:27:16 21-Apr-2014,Surface,,,,,163,165,,,,,,,,,,,,,164,0
"40858",40858,0.500000,Argos,Mk10,18,16:27:16 21-Apr-2014,16:35:48 21-Apr-2014,Dive,1,U,170.0,173.5,511,513,,,,,,,,,,,,,
"40858",40858,0.500000,Argos,Mk10,18,16:35:48 21-Apr-2014,16:37:30 21-Apr-2014,Surface,,,,,101,103,,,,,,,,,,,,,102,0
"40858",40858,0.500000,Argos,Mk10,18,16:37:30 21-Apr-2014,16:46:00 21-Apr-2014,Dive,1,Square,170.0,173.5,509,511,,,,,,,,,,,,,
"40858",40858,0.500000,Argos,Mk10,18,16:46:00 21-Apr-2014,16:54:24 21-Apr-2014,Surface,,,,,503,505,,,,,,,,,,,,,504,0
"40858",40858,0.500000,Argos,Mk10,23,16:54:00 21-Apr-2014,00:47:00 22-Apr-2014,Message,10,,,,28341.000000,28419.000000,,,,,,,,,,,,,
"40858",40858,0.500000,Argos,Mk10,23,16:54:00 21-Apr-2014,16:56:22 21-Apr-2014,Dive,1,Square,11.5,11.5,141,143,,,,,,,,,,,,,
"40858",40858,0.500000,Argos,Mk10,23,16:56:22 21-Apr-2014,16:58:56 21-Apr-2014,Surface,,,,,153,155,,,,,,,,,,,,,149,5
"40858",40858,0.500000,Argos,Mk10,23,16:58:56 21-Apr-2014,17:02:16 21-Apr-2014,Dive,1,U,50.5,51.0,199,201,,,,,,,,,,,,,
"40858",40858,0.500000,Argos,Mk10,23,17:02:16 21-Apr-2014,17:03:10 21-Apr-2014,Surface,,,,,53,55,,,,,,,,,,,,,54,0
"40858",40858,0.500000,Argos,Mk10,23,17:03:10 21-Apr-2014,17:07:16 21-Apr-2014,Dive,1,Square,57.0,58.5,245,247,,,,,,,,,,,,,
"40858",40858,0.500000,Argos,Mk10,23,17:07:16 21-Apr-2014,00:27:16 22-Apr-2014,Surface,,,,,26370,26430,,,,,,,,,,,,,26400,0
"40858",40858,0.500000,Argos,Mk10,23,00:27:16 22-Apr-2014,00:36:50 22-Apr-2014,Dive,1,Square,194.0,197.5,573,575,,,,,,,,,,,,,
"40858",40858,0.500000,Argos,Mk10,23,00:36:50 22-Apr-2014,00:42:50 22-Apr-2014,Surface,,,,,359,361,,,,,,,,,,,,,255,105
"40858",40858,0.500000,Argos,Mk10,23,00:42:50 22-Apr-2014,00:45:44 22-Apr-2014,Dive,1,Square,4.5,4.5,173,175,,,,,,,,,,,,,
"40858",40858,0.500000,Argos,Mk10,23,00:45:44 22-Apr-2014,00:47:00 22-Apr-2014,Surface,,,,,75,77,,,,,,,,,,,,,51,25
"40858",40858,0.500000,Argos,Mk10,23,00:47:00 22-Apr-2014,01:30:24 22-Apr-2014,Message,10,,,,2594.000000,2614.000000,,,,,,,,,,,,,
"40858",40858,0.500000,Argos,Mk10,23,00:47:00 22-Apr-2014,00:56:28 22-Apr-2014,Dive,1,Square,194.0,197.5,567,569,,,,,,,,,,,,,
"40858",40858,0.500000,Argos,Mk10,23,00:56:28 22-Apr-2014,01:04:08 22-Apr-2014,Surface,,,,,459,461,,,,,,,,,,,,,237,223
"40858",40858,0.500000,Argos,Mk10,23,01:04:08 22-Apr-2014,01:13:10 22-Apr-2014,Dive,1,U,198.0,201.5,541,543,,,,,,,,,,,,,
"40858",40858,0.500000,Argos,Mk10,23,01:13:10 22-Apr-2014,01:16:08 22-Apr-2014,Surface,,,,,177,179,,,,,,,,,,,,,121,57
"40858",40858,0.500000,Argos,Mk10,23,01:16:08 22-Apr-2014,01:17:46 22-Apr-2014,Dive,1,V,5.0,5.0,97,99,,,,,,,,,,,,,
"40858",40858,0.500000,Argos,Mk10,23,01:17:46 22-Apr-2014,01:22:18 22-Apr-2014,Surface,,,,,271,273,,,,,,,,,,,,,123,149
"40858",40858,0.500000,Argos,Mk10,23,01:22:18 22-Apr-2014,01:24:56 22-Apr-2014,Dive,1,Square,4.0,4.0,157,159,,,,,,,,,,,,,
"40858",40858,0.500000,Argos,Mk10,23,01:24:56 22-Apr-2014,01:28:00 22-Apr-2014,Surface,,,,,183,185,,,,,,,,,,,,,6,178
"40858",40858,0.500000,Argos,Mk10,23,01:28:00 22-Apr-2014,01:29:12 22-Apr-2014,Dive,1,Square,4.5,4.5,71,73,,,,,,,,,,,,,
"40858",40858,0.500000,Argos,Mk10,23,01:29:12 22-Apr-2014,01:30:24 22-Apr-2014,Surface,,,,,71,73,,,,,,,,,,,,,70,2
"40858",40858,0.500000,Argos,Mk10,11,01:31:00 22-Apr-2014,07:11:08 22-Apr-2014,Message,10,,,,20398.000000,20418.000000,,,,,,,,,,,,,
"40858",40858,0.500000,Argos,Mk10,11,01:31:00 22-Apr-2014,01:41:54 22-Apr-2014,Dive,1,Square,6.0,6.0,653,655,,,,,,,,,,,,,
"40858",40858,0.500000,Argos,Mk10,11,01:41:54 22-Apr-2014,01:52:38 22-Apr-2014,Surface,,,,,643,645,,,,,,,,,,,,,478,166
"40858",40858,0.500000,Argos,Mk10,11,01:52:38 22-Apr-2014,02:01:54 22-Apr-2014,Dive,1,U,206.0,209.5,555,557,,,,,,,,,,,,,
"40858",40858,0.500000,Argos,Mk10,11,02:01:54 22-Apr-2014,02:50:26 22-Apr-2014,Surface,,,,,2911,2913,,,,,,,,,,,,,2348,564
"40858",40858,0.500000,Argos,Mk10,11,02:50:26 22-Apr-2014,02:53:38 22-Apr-2014,Dive,1,U,12.0,12.0,191,193,,,,,,,,,,,,,
"40858",40858,0.500000,Argos,Mk10,11,02:53:38 22-Apr-2014,02:54:38 22-Apr-2014,Surface,,,,,59,61,,,,,,,,,,,,,60,0
"40858",40858,0.500000,Argos,Mk10,11,02:54:38 22-Apr-2014,02:57:30 22-Apr-2014,Dive,1,Square,10.5,10.5,171,173,,,,,,,,,,,,,
"40858",40858,0.500000,Argos,Mk10,11,02:57:30 22-Apr-2014,02:58:04 22-Apr-2014,Surface,,,,,33,35,,,,,,,,,,,,,34,0
"40858",40858,0.500000,Argos,Mk10,11,02:58:04 22-Apr-2014,02:59:44 22-Apr-2014,Dive,1,U,12.5,12.5,99,101,,,,,,,,,,,,,
"40858",40858,0.500000,Argos,Mk10,11,02:59:44 22-Apr-2014,07:11:08 22-Apr-2014,Surface,,,,,15083,15085,,,,,,,,,,,,,15084,0
"40858",40858,0.500000,Argos,Mk10,11,07:11:00 22-Apr-2014,08:11:06 22-Apr-2014,Message,10,,,,3596.000000,3616.000000,,,,,,,,,,,,,
"40858",40858,0.500000,Argos,Mk10,11,07:11:00 22-Apr-2014,07:23:02 22-Apr-2014,Dive,1,Square,238.0,241.5,721,723,,,,,,,,,,,,,
"40858",40858,0.500000,Argos,Mk10,11,07:23:02 22-Apr-2014,07:24:28 22-Apr-2014,Surface,,,,,85,87,,,,,,,,,,,,,86,0
"40858",40858,0.500000,Argos,Mk10,11,07:24:28 22-Apr-2014,07:35:38 22-Apr-2014,Dive,1,Square,242.0,245.5,669,671,,,,,,,,,,,,,
"40858",40858,0.500000,Argos,Mk10,11,07:35:38 22-Apr-2014,07:39:10 22-Apr-2014,Surface,,,,,211,213,,,,,,,,,,,,,150,62
"40858",40858,0.500000,Argos,Mk10,11,07:39:10 22-Apr-2014,07:49:40 22-Apr-2014,Dive,1,U,246.0,251.5,629,631,,,,,,,,,,,,,
"40858",40858,0.500000,Argos,Mk10,11,07:49:40 22-Apr-2014,07:51:10 22-Apr-2014,Surface,,,,,89,91,,,,,,,,,,,,,90,0
"40858",40858,0.500000,Argos,Mk10,11,07:51:10 22-Apr-2014,08:00:02 22-Apr-2014,Dive,1,U,214.0,217.5,531,533,,,,,,,,,,,,,
"40858",40858,0.500000,Argos,Mk10,11,08:00:02 22-Apr-2014,08:01:26 22-Apr-2014,Surface,,,,,83,85,,,,,,,,,,,,,84,0
"40858",40858,0.500000,Argos,Mk10,11,08:01:26 22-Apr-2014,08:10:08 22-Apr-2014,Dive,1,Square,85.0,86.5,521,523,,,,,,,,,,,,,
"40858",40858,0.500000,Argos,Mk10,11,08:10:08 22-Apr-2014,08:11:06 22-Apr-2014,Surface,,,,,57,59,,,,,,,,,,,,,58,0
"40858",40858,0.500000,Argos,Mk10,9,08:11:00 22-Apr-2014,08:53:00 22-Apr-2014,Message,10,,,,2510.000000,2530.000000,,,,,,,,,,,,,
"40858",40858,0.500000,Argos,Mk10,9,08:11:00 22-Apr-2014,08:15:38 22-Apr-2014,Dive,1,U,53.5,54.0,277,279,,,,,,,,,,,,,
"40858",40858,0.500000,Argos,Mk10,9,08:15:38 22-Apr-2014,08:16:56 22-Apr-2014,Surface,,,,,77,79,,,,,,,,,,,,,78,0
"40858",40858,0.500000,Argos,Mk10,9,08:16:56 22-Apr-2014,08:26:22 22-Apr-2014,Dive,1,U,252.0,259.5,565,567,,,,,,,,,,,,,
"40858",40858,0.500000,Argos,Mk10,9,08:26:22 22-Apr-2014,08:27:50 22-Apr-2014,Surface,,,,,87,89,,,,,,,,,,,,,88,0
"40858",40858,0.500000,Argos,Mk10,9,08:27:50 22-Apr-2014,08:35:48 22-Apr-2014,Dive,1,U,234.0,237.5,477,479,,,,,,,,,,,,,
"40858",40858,0.500000,Argos,Mk10,9,08:35:48 22-Apr-2014,08:39:24 22-Apr-2014,Surface,,,,,215,217,,,,,,,,,,,,,216,0
"40858",40858,0.500000,Argos,Mk10,9,08:39:24 22-Apr-2014,08:46:46 22-Apr-2014,Dive,1,Square,97.0,98.5,441,443,,,,,,,,,,,,,
"40858",40858,0.500000,Argos,Mk10,9,08:46:46 22-Apr-2014,08:47:38 22-Apr-2014,Surface,,,,,51,53,,,,,,,,,,,,,52,0
"40858",40858,0.500000,Argos,Mk10,9,08:47:38 22-Apr-2014,08:52:02 22-Apr-2014,Dive,1,Square,40.5,41.0,263,265,,,,,,,,,,,,,
"40858",40858,0.500000,Argos,Mk10,9,08:52:02 22-Apr-2014,08:53:00 22-Apr-2014,Surface,,,,,57,59,,,,,,,,,,,,,58,0
"40858",40858,0.500000,Argos,Mk10,10,08:53:00 22-Apr-2014,09:33:48 22-Apr-2014,Message,10,,,,2438.000000,2458.000000,,,,,,,,,,,,,
"40858",40858,0.500000,Argos,Mk10,10,08:53:00 22-Apr-2014,08:59:18 22-Apr-2014,Dive,1,Square,45.5,46.0,377,379,,,,,,,,,,,,,
"40858",40858,0.500000,Argos,Mk10,10,08:59:18 22-Apr-2014,09:00:24 22-Apr-2014,Surface,,,,,65,67,,,,,,,,,,,,,66,0
"40858",40858,0.500000,Argos,Mk10,10,09:00:24 22-Apr-2014,09:07:06 22-Apr-2014,Dive,1,Square,43.5,44.0,401,403,,,,,,,,,,,,,
"40858",40858,0.500000,Argos,Mk10,10,09:07:06 22-Apr-2014,09:08:10 22-Apr-2014,Surface,,,,,63,65,,,,,,,,,,,,,64,0
"40858",40858,0.500000,Argos,Mk10,10,09:08:10 22-Apr-2014,09:14:56 22-Apr-2014,Dive,1,Square,49.5,50.0,405,407,,,,,,,,,,,,,
"40858",40858,0.500000,Argos,Mk10,10,09:14:56 22-Apr-2014,09:15:58 22-Apr-2014,Surface,,,,,61,63,,,,,,,,,,,,,62,0
"40858",40858,0.500000,Argos,Mk10,10,09:15:58 22-Apr-2014,09:22:42 22-Apr-2014,Dive,1,Square,47.5,48.0,403,405,,,,,,,,,,,,,
"40858",40858,0.500000,Argos,Mk10,10,09:22:42 22-Apr-2014,09:24:54 22-Apr-2014,Surface,,,,,131,133,,,,,,,,,,,,,132,0
"40858",40858,0.500000,Argos,Mk10,10,09:24:54 22-Apr-2014,09:30:48 22-Apr-2014,Dive,1,Square,65.0,66.5,353,355,,,,,,,,,,,,,
"40858",40858,0.500000,Argos,Mk10,10,09:30:48 22-Apr-2014,09:33:48 22-Apr-2014,Surface,,,,,179,181,,,,,,,,,,,,,180,0
"40858",40858,0.500000,Argos,Mk10,7,09:33:00 22-Apr-2014,10:13:26 22-Apr-2014,Message,10,,,,2416.000000,2436.000000,,,,,,,,,,,,,
"40858",40858,0.500000,Argos,Mk10,7,09:33:00 22-Apr-2014,09:38:24 22-Apr-2014,Dive,1,U,59.0,60.5,323,325,,,,,,,,,,,,,
"40858",40858,0.500000,Argos,Mk10,7,09:38:24 22-Apr-2014,09:45:44 22-Apr-2014,Surface,,,,,439,441,,,,,,,,,,,,,440,0
"40858",40858,0.500000,Argos,Mk10,7,09:45:44 22-Apr-2014,09:51:32 22-Apr-2014,Dive,1,Square,67.0,68.5,347,349,,,,,,,,,,,,,
"40858",40858,0.500000,Argos,Mk10,7,09:51:32 22-Apr-2014,09:52:44 22-Apr-2014,Surface,,,,,71,73,,,,,,,,,,,,,72,0
"40858",40858,0.500000,Argos,Mk10,7,09:52:44 22-Apr-2014,09:58:30 22-Apr-2014,Dive,1,Square,46.5,47.0,345,347,,,,,,,,,,,,,
"40858",40858,0.500000,Argos,Mk10,7,09:58:30 22-Apr-2014,09:59:34 22-Apr-2014,Surface,,,,,63,65,,,,,,,,,,,,,64,0
"40858",40858,0.500000,Argos,Mk10,7,09:59:34 22-Apr-2014,10:07:34 22-Apr-2014,Dive,1,Square,46.5,47.0,479,481,,,,,,,,,,,,,
"40858",40858,0.500000,Argos,Mk10,7,10:07:34 22-Apr-2014,10:08:40 22-Apr-2014,Surface,,,,,65,67,,,,,,,,,,,,,66,0
"40858",40858,0.500000,Argos,Mk10,7,10:08:40 22-Apr-2014,10:12:22 22-Apr-2014,Dive,1,Square,17.0,17.0,221,223,,,,,,,,,,,,,
"40858",40858,0.500000,Argos,Mk10,7,10:12:22 22-Apr-2014,10:13:26 22-Apr-2014,Surface,,,,,63,65,,,,,,,,,,,,,64,0
"40858",40858,0.500000,Argos,Mk10,7,10:14:00 22-Apr-2014,10:50:28 22-Apr-2014,Message,10,,,,2178.000000,2198.000000,,,,,,,,,,,,,
"40858",40858,0.500000,Argos,Mk10,7,10:14:00 22-Apr-2014,10:20:46 22-Apr-2014,Dive,1,Square,23.5,23.5,405,407,,,,,,,,,,,,,
"40858",40858,0.500000,Argos,Mk10,7,10:20:46 22-Apr-2014,10:22:14 22-Apr-2014,Surface,,,,,87,89,,,,,,,,,,,,,88,0
"40858",40858,0.500000,Argos,Mk10,7,10:22:14 22-Apr-2014,10:25:12 22-Apr-2014,Dive,1,U,21.0,21.0,177,179,,,,,,,,,,,,,
"40858",40858,0.500000,Argos,Mk10,7,10:25:12 22-Apr-2014,10:25:34 22-Apr-2014,Surface,,,,,21,23,,,,,,,,,,,,,22,0
"40858",40858,0.500000,Argos,Mk10,7,10:25:34 22-Apr-2014,10:30:30 22-Apr-2014,Dive,1,U,22.0,22.0,295,297,,,,,,,,,,,,,
"40858",40858,0.500000,Argos,Mk10,7,10:30:30 22-Apr-2014,10:32:00 22-Apr-2014,Surface,,,,,89,91,,,,,,,,,,,,,90,0
"40858",40858,0.500000,Argos,Mk10,7,10:32:00 22-Apr-2014,10:39:12 22-Apr-2014,Dive,1,Square,20.5,20.5,431,433,,,,,,,,,,,,,
"40858",40858,0.500000,Argos,Mk10,7,10:39:12 22-Apr-2014,10:41:12 22-Apr-2014,Surface,,,,,119,121,,,,,,,,,,,,,105,15
"40858",40858,0.500000,Argos,Mk10,7,10:41:12 22-Apr-2014,10:49:28 22-Apr-2014,Dive,1,Square,24.0,24.0,495,497,,,,,,,,,,,,,
"40858",40858,0.500000,Argos,Mk10,7,10:49:28 22-Apr-2014,10:50:28 22-Apr-2014,Surface,,,,,59,61,,,,,,,,,,,,,60,0
"40858",40858,0.500000,Argos,Mk10,8,10:50:00 22-Apr-2014,11:33:36 22-Apr-2014,Message,10,,,,2606.000000,2626.000000,,,,,,,,,,,,,
"40858",40858,0.500000,Argos,Mk10,8,10:50:00 22-Apr-2014,10:57:12 22-Apr-2014,Dive,1,Square,20.5,20.5,431,433,,,,,,,,,,,,,
"40858",40858,0.500000,Argos,Mk10,8,10:57:12 22-Apr-2014,10:59:06 22-Apr-2014,Surface,,,,,113,115,,,,,,,,,,,,,114,0
"40858",40858,0.500000,Argos,Mk10,8,10:59:06 22-Apr-2014,11:06:42 22-Apr-2014,Dive,1,Square,61.0,62.5,455,457,,,,,,,,,,,,,
"40858",40858,0.500000,Argos,Mk10,8,11:06:42 22-Apr-2014,11:07:54 22-Apr-2014,Surface,,,,,71,73,,,,,,,,,,,,,72,0
"40858",40858,0.500000,Argos,Mk10,8,11:07:54 22-Apr-2014,11:16:26 22-Apr-2014,Dive,1,Square,55.5,56.5,511,513,,,,,,,,,,,,,
"40858",40858,0.500000,Argos,Mk10,8,11:16:26 22-Apr-2014,11:17:40 22-Apr-2014,Surface,,,,,73,75,,,,,,,,,,,,,74,0
"40858",40858,0.500000,Argos,Mk10,8,11:17:40 22-Apr-2014,11:25:18 22-Apr-2014,Dive,1,Square,59.0,60.5,457,459,,,,,,,,,,,,,
"40858",40858,0.500000,Argos,Mk10,8,11:25:18 22-Apr-2014,11:26:30 22-Apr-2014,Surface,,,,,71,73,,,,,,,,,,,,,72,0
"40858",40858,0.500000,Argos,Mk10,8,11:26:30 22-Apr-2014,11:32:28 22-Apr-2014,Dive,1,Square,40.5,41.0,357,359,,,,,,,,,,,,,
"40858",40858,0.500000,Argos,Mk10,8,11:32:28 22-Apr-2014,11:33:36 22-Apr-2014,Surface,,,,,67,69,,,,,,,,,,,,,68,0
"40858",40858,0.500000,Argos,Mk10,8,11:34:00 22-Apr-2014,12:27:50 22-Apr-2014,Message,10,,,,3220.000000,3240.000000,,,,,,,,,,,,,
"40858",40858,0.500000,Argos,Mk10,8,11:34:00 22-Apr-2014,11:44:00 22-Apr-2014,Dive,1,U,81.0,82.5,599,601,,,,,,,,,,,,,
"40858",40858,0.500000,Argos,Mk10,8,11:44:00 22-Apr-2014,11:45:14 22-Apr-2014,Surface,,,,,73,75,,,,,,,,,,,,,74,0
"40858",40858,0.500000,Argos,Mk10,8,11:45:14 22-Apr-2014,11:53:06 22-Apr-2014,Dive,1,Square,81.0,82.5,471,473,,,,,,,,,,,,,
"40858",40858,0.500000,Argos,Mk10,8,11:53:06 22-Apr-2014,11:54:22 22-Apr-2014,Surface,,,,,75,77,,,,,,,,,,,,,76,0
"40858",40858,0.500000,Argos,Mk10,8,11:54:22 22-Apr-2014,12:02:54 22-Apr-2014,Dive,1,Square,77.0,78.5,511,513,,,,,,,,,,,,,
"40858",40858,0.500000,Argos,Mk10,8,12:02:54 22-Apr-2014,12:04:08 22-Apr-2014,Surface,,,,,73,75,,,,,,,,,,,,,74,0
"40858",40858,0.500000,Argos,Mk10,8,12:04:08 22-Apr-2014,12:13:52 22-Apr-2014,Dive,1,Square,71.0,72.5,583,585,,,,,,,,,,,,,
"40858",40858,0.500000,Argos,Mk10,8,12:13:52 22-Apr-2014,12:15:12 22-Apr-2014,Surface,,,,,79,81,,,,,,,,,,,,,80,0
"40858",40858,0.500000,Argos,Mk10,8,12:15:12 22-Apr-2014,12:26:36 22-Apr-2014,Dive,1,Square,77.0,78.5,683,685,,,,,,,,,,,,,
"40858",40858,0.500000,Argos,Mk10,8,12:26:36 22-Apr-2014,12:27:50 22-Apr-2014,Surface,,,,,73,75,,,,,,,,,,,,,74,0
"40858",40858,0.500000,Argos,Mk10,7,12:28:00 22-Apr-2014,13:24:24 22-Apr-2014,Message,10,,,,3374.000000,3394.000000,,,,,,,,,,,,,
"40858",40858,0.500000,Argos,Mk10,7,12:28:00 22-Apr-2014,12:38:50 22-Apr-2014,Dive,1,Square,48.5,49.0,649,651,,,,,,,,,,,,,
"40858",40858,0.500000,Argos,Mk10,7,12:38:50 22-Apr-2014,12:40:02 22-Apr-2014,Surface,,,,,71,73,,,,,,,,,,,,,72,0
"40858",40858,0.500000,Argos,Mk10,7,12:40:02 22-Apr-2014,12:49:34 22-Apr-2014,Dive,1,U,75.0,76.5,571,573,,,,,,,,,,,,,
"40858",40858,0.500000,Argos,Mk10,7,12:49:34 22-Apr-2014,12:50:50 22-Apr-2014,Surface,,,,,75,77,,,,,,,,,,,,,76,0
"40858",40858,0.500000,Argos,Mk10,7,12:50:50 22-Apr-2014,13:01:10 22-Apr-2014,Dive,1,Square,61.0,62.5,619,621,,,,,,,,,,,,,
"40858",40858,0.500000,Argos,Mk10,7,13:01:10 22-Apr-2014,13:02:14 22-Apr-2014,Surface,,,,,63,65,,,,,,,,,,,,,64,0
"40858",40858,0.500000,Argos,Mk10,7,13:02:14 22-Apr-2014,13:12:36 22-Apr-2014,Dive,1,Square,109.0,110.5,621,623,,,,,,,,,,,,,
"40858",40858,0.500000,Argos,Mk10,7,13:12:36 22-Apr-2014,13:13:52 22-Apr-2014,Surface,,,,,75,77,,,,,,,,,,,,,76,0
"40858",40858,0.500000,Argos,Mk10,7,13:13:52 22-Apr-2014,13:22:52 22-Apr-2014,Dive,1,U,300.0,307.5,539,541,,,,,,,,,,,,,
"40858",40858,0.500000,Argos,Mk10,7,13:22:52 22-Apr-2014,13:24:24 22-Apr-2014,Surface,,,,,91,93,,,,,,,,,,,,,92,0
"40858",40858,0.500000,Argos,Mk10,8,13:24:00 22-Apr-2014,14:12:46 22-Apr-2014,Message,10,,,,2916.000000,2936.000000,,,,,,,,,,,,,
"40858",40858,0.500000,Argos,Mk10,8,13:24:00 22-Apr-2014,13:32:50 22-Apr-2014,Dive,1,U,276.0,283.5,529,531,,,,,,,,,,,,,
"40858",40858,0.500000,Argos,Mk10,8,13:32:50 22-Apr-2014,13:40:06 22-Apr-2014,Surface,,,,,435,437,,,,,,,,,,,,,422,14
"40858",40858,0.500000,Argos,Mk10,8,13:40:06 22-Apr-2014,13:47:48 22-Apr-2014,Dive,1,Square,95.0,96.5,461,463,,,,,,,,,,,,,
"40858",40858,0.500000,Argos,Mk10,8,13:47:48 22-Apr-2014,13:48:54 22-Apr-2014,Surface,,,,,65,67,,,,,,,,,,,,,66,0
"40858",40858,0.500000,Argos,Mk10,8,13:48:54 22-Apr-2014,13:50:20 22-Apr-2014,Dive,1,U,11.5,11.5,85,87,,,,,,,,,,,,,
"40858",40858,0.500000,Argos,Mk10,8,13:50:20 22-Apr-2014,13:53:14 22-Apr-2014,Surface,,,,,173,175,,,,,,,,,,,,,163,11
"40858",40858,0.500000,Argos,Mk10,8,13:53:14 22-Apr-2014,14:00:06 22-Apr-2014,Dive,1,Square,91.0,92.5,411,413,,,,,,,,,,,,,
"40858",40858,0.500000,Argos,Mk10,8,14:00:06 22-Apr-2014,14:02:20 22-Apr-2014,Surface,,,,,133,135,,,,,,,,,,,,,134,0
"40858",40858,0.500000,Argos,Mk10,8,14:02:20 22-Apr-2014,14:07:12 22-Apr-2014,Dive,1,Square,69.0,70.5,291,293,,,,,,,,,,,,,
"40858",40858,0.500000,Argos,Mk10,8,14:07:12 22-Apr-2014,14:12:46 22-Apr-2014,Surface,,,,,333,335,,,,,,,,,,,,,259,75
"40858",40858,0.500000,Argos,Mk10,10,14:13:00 22-Apr-2014,15:04:32 22-Apr-2014,Message,10,,,,3082.000000,3102.000000,,,,,,,,,,,,,
"40858",40858,0.500000,Argos,Mk10,10,14:13:00 22-Apr-2014,14:19:36 22-Apr-2014,Dive,1,U,105.0,106.5,395,397,,,,,,,,,,,,,
"40858",40858,0.500000,Argos,Mk10,10,14:19:36 22-Apr-2014,14:23:32 22-Apr-2014,Surface,,,,,235,237,,,,,,,,,,,,,236,0
"40858",40858,0.500000,Argos,Mk10,10,14:23:32 22-Apr-2014,14:30:24 22-Apr-2014,Dive,1,Square,122.0,125.5,411,413,,,,,,,,,,,,,
"40858",40858,0.500000,Argos,Mk10,10,14:30:24 22-Apr-2014,14:32:24 22-Apr-2014,Surface,,,,,119,121,,,,,,,,,,,,,116,4
"40858",40858,0.500000,Argos,Mk10,10,14:32:24 22-Apr-2014,14:36:56 22-Apr-2014,Dive,1,U,85.0,86.5,271,273,,,,,,,,,,,,,
"40858",40858,0.500000,Argos,Mk10,10,14:36:56 22-Apr-2014,14:40:34 22-Apr-2014,Surface,,,,,217,219,,,,,,,,,,,,,211,7
"40858",40858,0.500000,Argos,Mk10,10,14:40:34 22-Apr-2014,14:48:26 22-Apr-2014,Dive,1,U,292.0,299.5,471,473,,,,,,,,,,,,,
"40858",40858,0.500000,Argos,Mk10,10,14:48:26 22-Apr-2014,14:52:00 22-Apr-2014,Surface,,,,,213,215,,,,,,,,,,,,,200,14
"40858",40858,0.500000,Argos,Mk10,10,14:52:00 22-Apr-2014,14:58:42 22-Apr-2014,Dive,1,Square,113.0,114.5,401,403,,,,,,,,,,,,,
"40858",40858,0.500000,Argos,Mk10,10,14:58:42 22-Apr-2014,15:04:32 22-Apr-2014,Surface,,,,,349,351,,,,,,,,,,,,,339,11
"40858",40858,0.500000,Argos,Mk10,12,15:04:00 22-Apr-2014,16:03:28 22-Apr-2014,Message,10,,,,3558.000000,3578.000000,,,,,,,,,,,,,
"40858",40858,0.500000,Argos,Mk10,12,15:04:00 22-Apr-2014,15:12:08 22-Apr-2014,Dive,1,U,81.0,82.5,487,489,,,,,,,,,,,,,
"40858",40858,0.500000,Argos,Mk10,12,15:12:08 22-Apr-2014,15:13:24 22-Apr-2014,Surface,,,,,75,77,,,,,,,,,,,,,76,0
"40858",40858,0.500000,Argos,Mk10,12,15:13:24 22-Apr-2014,15:21:54 22-Apr-2014,Dive,1,U,107.0,108.5,509,511,,,,,,,,,,,,,
"40858",40858,0.500000,Argos,Mk10,12,15:21:54 22-Apr-2014,15:23:20 22-Apr-2014,Surface,,,,,85,87,,,,,,,,,,,,,86,0
"40858",40858,0.500000,Argos,Mk10,12,15:23:20 22-Apr-2014,15:34:30 22-Apr-2014,Dive,1,U,340.0,347.5,669,671,,,,,,,,,,,,,
"40858",40858,0.500000,Argos,Mk10,12,15:34:30 22-Apr-2014,15:39:22 22-Apr-2014,Surface,,,,,291,293,,,,,,,,,,,,,292,0
"40858",40858,0.500000,Argos,Mk10,12,15:39:22 22-Apr-2014,15:49:00 22-Apr-2014,Dive,1,Square,142.0,145.5,577,579,,,,,,,,,,,,,
"40858",40858,0.500000,Argos,Mk10,12,15:49:00 22-Apr-2014,15:50:38 22-Apr-2014,Surface,,,,,97,99,,,,,,,,,,,,,98,0
"40858",40858,0.500000,Argos,Mk10,12,15:50:38 22-Apr-2014,15:59:40 22-Apr-2014,Dive,1,Square,154.0,157.5,541,543,,,,,,,,,,,,,
"40858",40858,0.500000,Argos,Mk10,12,15:59:40 22-Apr-2014,16:03:28 22-Apr-2014,Surface,,,,,227,229,,,,,,,,,,,,,191,37
"40858",40858,0.500000,Argos,Mk10,12,16:03:00 22-Apr-2014,17:03:04 22-Apr-2014,Message,10,,,,3594.000000,3614.000000,,,,,,,,,,,,,
"40858",40858,0.500000,Argos,Mk10,12,16:03:00 22-Apr-2014,16:12:42 22-Apr-2014,Dive,1,Square,178.0,181.5,581,583,,,,,,,,,,,,,
"40858",40858,0.500000,Argos,Mk10,12,16:12:42 22-Apr-2014,16:14:00 22-Apr-2014,Surface,,,,,77,79,,,,,,,,,,,,,78,0
"40858",40858,0.500000,Argos,Mk10,12,16:14:00 22-Apr-2014,16:23:08 22-Apr-2014,Dive,1,Square,182.0,185.5,547,549,,,,,,,,,,,,,
"40858",40858,0.500000,Argos,Mk10,12,16:23:08 22-Apr-2014,16:24:34 22-Apr-2014,Surface,,,,,85,87,,,,,,,,,,,,,86,0
"40858",40858,0.500000,Argos,Mk10,12,16:24:34 22-Apr-2014,16:34:38 22-Apr-2014,Dive,1,Square,214.0,217.5,603,605,,,,,,,,,,,,,
"40858",40858,0.500000,Argos,Mk10,12,16:34:38 22-Apr-2014,16:36:12 22-Apr-2014,Surface,,,,,93,95,,,,,,,,,,,,,94,0
"40858",40858,0.500000,Argos,Mk10,12,16:36:12 22-Apr-2014,16:46:06 22-Apr-2014,Dive,1,Square,182.0,185.5,593,595,,,,,,,,,,,,,
"40858",40858,0.500000,Argos,Mk10,12,16:46:06 22-Apr-2014,16:47:38 22-Apr-2014,Surface,,,,,91,93,,,,,,,,,,,,,92,0
"40858",40858,0.500000,Argos,Mk10,12,16:47:38 22-Apr-2014,16:57:46 22-Apr-2014,Dive,1,U,316.0,323.5,607,609,,,,,,,,,,,,,
"40858",40858,0.500000,Argos,Mk10,12,16:57:46 22-Apr-2014,17:03:04 22-Apr-2014,Surface,,,,,317,319,,,,,,,,,,,,,318,0
"40858",40858,0.500000,Argos,Mk10,9,17:03:00 22-Apr-2014,17:57:24 22-Apr-2014,Message,10,,,,3254.000000,3274.000000,,,,,,,,,,,,,
"40858",40858,0.500000,Argos,Mk10,9,17:03:00 22-Apr-2014,17:12:44 22-Apr-2014,Dive,1,Square,214.0,217.5,583,585,,,,,,,,,,,,,
"40858",40858,0.500000,Argos,Mk10,9,17:12:44 22-Apr-2014,17:15:54 22-Apr-2014,Surface,,,,,189,191,,,,,,,,,,,,,190,0
"40858",40858,0.500000,Argos,Mk10,9,17:15:54 22-Apr-2014,17:24:24 22-Apr-2014,Dive,1,Square,186.0,189.5,509,511,,,,,,,,,,,,,
"40858",40858,0.500000,Argos,Mk10,9,17:24:24 22-Apr-2014,17:26:06 22-Apr-2014,Surface,,,,,101,103,,,,,,,,,,,,,102,0
"40858",40858,0.500000,Argos,Mk10,9,17:26:06 22-Apr-2014,17:35:58 22-Apr-2014,Dive,1,Square,194.0,197.5,591,593,,,,,,,,,,,,,
"40858",40858,0.500000,Argos,Mk10,9,17:35:58 22-Apr-2014,17:37:32 22-Apr-2014,Surface,,,,,93,95,,,,,,,,,,,,,94,0
"40858",40858,0.500000,Argos,Mk10,9,17:37:32 22-Apr-2014,17:46:02 22-Apr-2014,Dive,1,U,226.0,229.5,509,511,,,,,,,,,,,,,
"40858",40858,0.500000,Argos,Mk10,9,17:46:02 22-Apr-2014,17:47:26 22-Apr-2014,Surface,,,,,83,85,,,,,,,,,,,,,84,0
"40858",40858,0.500000,Argos,Mk10,9,17:47:26 22-Apr-2014,17:56:02 22-Apr-2014,Dive,1,Square,242.0,245.5,515,517,,,,,,,,,,,,,
"40858",40858,0.500000,Argos,Mk10,9,17:56:02 22-Apr-2014,17:57:24 22-Apr-2014,Surface,,,,,81,83,,,,,,,,,,,,,82,0
"40858",40858,0.500000,Argos,Mk10,8,17:58:00 22-Apr-2014,18:49:06 22-Apr-2014,Message,10,,,,3056.000000,3076.000000,,,,,,,,,,,,,
"40858",40858,0.500000,Argos,Mk10,8,17:58:00 22-Apr-2014,18:06:18 22-Apr-2014,Dive,1,Square,206.0,209.5,497,499,,,,,,,,,,,,,
"40858",40858,0.500000,Argos,Mk10,8,18:06:18 22-Apr-2014,18:07:46 22-Apr-2014,Surface,,,,,87,89,,,,,,,,,,,,,88,0
"40858",40858,0.500000,Argos,Mk10,8,18:07:46 22-Apr-2014,18:17:22 22-Apr-2014,Dive,1,Square,210.0,213.5,575,577,,,,,,,,,,,,,
"40858",40858,0.500000,Argos,Mk10,8,18:17:22 22-Apr-2014,18:19:36 22-Apr-2014,Surface,,,,,133,135,,,,,,,,,,,,,134,0
"40858",40858,0.500000,Argos,Mk10,8,18:19:36 22-Apr-2014,18:27:28 22-Apr-2014,Dive,1,Square,210.0,213.5,471,473,,,,,,,,,,,,,
"40858",40858,0.500000,Argos,Mk10,8,18:27:28 22-Apr-2014,18:29:02 22-Apr-2014,Surface,,,,,93,95,,,,,,,,,,,,,94,0
"40858",40858,0.500000,Argos,Mk10,8,18:29:02 22-Apr-2014,18:37:40 22-Apr-2014,Dive,1,Square,242.0,245.5,517,519,,,,,,,,,,,,,
"40858",40858,0.500000,Argos,Mk10,8,18:37:40 22-Apr-2014,18:39:22 22-Apr-2014,Surface,,,,,101,103,,,,,,,,,,,,,102,0
"40858",40858,0.500000,Argos,Mk10,8,18:39:22 22-Apr-2014,18:47:20 22-Apr-2014,Dive,1,Square,222.0,225.5,477,479,,,,,,,,,,,,,
"40858",40858,0.500000,Argos,Mk10,8,18:47:20 22-Apr-2014,18:49:06 22-Apr-2014,Surface,,,,,105,107,,,,,,,,,,,,,106,0
"40858",40858,0.500000,Argos,Mk10,7,18:49:00 22-Apr-2014,20:01:30 22-Apr-2014,Message,10,,,,4340.000000,4360.000000,,,,,,,,,,,,,
"40858",40858,0.500000,Argos,Mk10,7,18:49:00 22-Apr-2014,18:58:04 22-Apr-2014,Dive,1,Square,214.0,217.5,543,545,,,,,,,,,,,,,
"40858",40858,0.500000,Argos,Mk10,7,18:58:04 22-Apr-2014,18:59:44 22-Apr-2014,Surface,,,,,99,101,,,,,,,,,,,,,100,0
"40858",40858,0.500000,Argos,Mk10,7,18:59:44 22-Apr-2014,19:08:34 22-Apr-2014,Dive,1,Square,230.0,233.5,529,531,,,,,,,,,,,,,
"40858",40858,0.500000,Argos,Mk10,7,19:08:34 22-Apr-2014,19:10:38 22-Apr-2014,Surface,,,,,123,125,,,,,,,,,,,,,124,0
"40858",40858,0.500000,Argos,Mk10,7,19:10:38 22-Apr-2014,19:18:36 22-Apr-2014,Dive,1,U,230.0,233.5,477,479,,,,,,,,,,,,,
"40858",40858,0.500000,Argos,Mk10,7,19:18:36 22-Apr-2014,19:33:06 22-Apr-2014,Surface,,,,,869,871,,,,,,,,,,,,,814,56
"40858",40858,0.500000,Argos,Mk10,7,19:33:06 22-Apr-2014,19:34:16 22-Apr-2014,Dive,1,V,26.5,27.0,69,71,,,,,,,,,,,,,
"40858",40858,0.500000,Argos,Mk10,7,19:34:16 22-Apr-2014,19:45:06 22-Apr-2014,Surface,,,,,649,651,,,,,,,,,,,,,566,84
"40858",40858,0.500000,Argos,Mk10,7,19:45:06 22-Apr-2014,19:51:50 22-Apr-2014,Dive,1,U,202.0,205.5,403,405,,,,,,,,,,,,,
"40858",40858,0.500000,Argos,Mk10,7,19:51:50 22-Apr-2014,20:01:30 22-Apr-2014,Surface,,,,,579,581,,,,,,,,,,,,,505,75
"40858",40858,0.500000,Argos,Mk10,7,20:01:00 22-Apr-2014,20:52:30 22-Apr-2014,Message,10,,,,3080.000000,3100.000000,,,,,,,,,,,,,
"40858",40858,0.500000,Argos,Mk10,7,20:01:00 22-Apr-2014,20:08:18 22-Apr-2014,Dive,1,U,226.0,229.5,437,439,,,,,,,,,,,,,
"40858",40858,0.500000,Argos,Mk10,7,20:08:18 22-Apr-2014,20:09:58 22-Apr-2014,Surface,,,,,99,101,,,,,,,,,,,,,100,0
"40858",40858,0.500000,Argos,Mk10,7,20:09:58 22-Apr-2014,20:18:26 22-Apr-2014,Dive,1,U,246.0,251.5,507,509,,,,,,,,,,,,,
"40858",40858,0.500000,Argos,Mk10,7,20:18:26 22-Apr-2014,20:19:54 22-Apr-2014,Surface,,,,,87,89,,,,,,,,,,,,,88,0
"40858",40858,0.500000,Argos,Mk10,7,20:19:54 22-Apr-2014,20:29:00 22-Apr-2014,Dive,1,U,252.0,259.5,545,547,,,,,,,,,,,,,
"40858",40858,0.500000,Argos,Mk10,7,20:29:00 22-Apr-2014,20:30:42 22-Apr-2014,Surface,,,,,101,103,,,,,,,,,,,,,102,0
"40858",40858,0.500000,Argos,Mk10,7,20:30:42 22-Apr-2014,20:39:28 22-Apr-2014,Dive,1,U,252.0,259.5,525,527,,,,,,,,,,,,,
"40858",40858,0.500000,Argos,Mk10,7,20:39:28 22-Apr-2014,20:41:34 22-Apr-2014,Surface,,,,,125,127,,,,,,,,,,,,,126,0
"40858",40858,0.500000,Argos,Mk10,7,20:41:34 22-Apr-2014,20:50:36 22-Apr-2014,Dive,1,U,268.0,275.5,541,543,,,,,,,,,,,,,
"40858",40858,0.500000,Argos,Mk10,7,20:50:36 22-Apr-2014,20:52:30 22-Apr-2014,Surface,,,,,113,115,,,,,,,,,,,,,114,0
"40858",40858,0.500000,Argos,Mk10,6,20:52:00 22-Apr-2014,21:48:26 22-Apr-2014,Message,10,,,,3376.000000,3396.000000,,,,,,,,,,,,,
"40858",40858,0.500000,Argos,Mk10,6,20:52:00 22-Apr-2014,21:01:02 22-Apr-2014,Dive,1,U,252.0,259.5,541,543,,,,,,,,,,,,,
"40858",40858,0.500000,Argos,Mk10,6,21:01:02 22-Apr-2014,21:03:32 22-Apr-2014,Surface,,,,,149,151,,,,,,,,,,,,,150,0
"40858",40858,0.500000,Argos,Mk10,6,21:03:32 22-Apr-2014,21:12:46 22-Apr-2014,Dive,1,U,252.0,259.5,553,555,,,,,,,,,,,,,
"40858",40858,0.500000,Argos,Mk10,6,21:12:46 22-Apr-2014,21:14:26 22-Apr-2014,Surface,,,,,99,101,,,,,,,,,,,,,100,0
"40858",40858,0.500000,Argos,Mk10,6,21:14:26 22-Apr-2014,21:24:02 22-Apr-2014,Dive,1,U,268.0,275.5,575,577,,,,,,,,,,,,,
"40858",40858,0.500000,Argos,Mk10,6,21:24:02 22-Apr-2014,21:25:58 22-Apr-2014,Surface,,,,,115,117,,,,,,,,,,,,,116,0
"40858",40858,0.500000,Argos,Mk10,6,21:25:58 22-Apr-2014,21:34:52 22-Apr-2014,Dive,1,U,260.0,267.5,533,535,,,,,,,,,,,,,
"40858",40858,0.500000,Argos,Mk10,6,21:34:52 22-Apr-2014,21:37:06 22-Apr-2014,Surface,,,,,133,135,,,,,,,,,,,,,134,0
"40858",40858,0.500000,Argos,Mk10,6,21:37:06 22-Apr-2014,21:45:54 22-Apr-2014,Dive,1,U,252.0,259.5,527,529,,,,,,,,,,,,,
"40858",40858,0.500000,Argos,Mk10,6,21:45:54 22-Apr-2014,21:48:26 22-Apr-2014,Surface,,,,,151,153,,,,,,,,,,,,,152,0
"40858",40858,0.500000,Argos,Mk10,6,21:49:00 22-Apr-2014,23:58:30 22-Apr-2014,Message,10,,,,7760.000000,7780.000000,,,,,,,,,,,,,
"40858",40858,0.500000,Argos,Mk10,6,21:49:00 22-Apr-2014,21:57:42 22-Apr-2014,Dive,1,U,242.0,245.5,521,523,,,,,,,,,,,,,
"40858",40858,0.500000,Argos,Mk10,6,21:57:42 22-Apr-2014,22:00:32 22-Apr-2014,Surface,,,,,169,171,,,,,,,,,,,,,170,0
"40858",40858,0.500000,Argos,Mk10,6,22:00:32 22-Apr-2014,22:08:40 22-Apr-2014,Dive,1,U,234.0,237.5,487,489,,,,,,,,,,,,,
"40858",40858,0.500000,Argos,Mk10,6,22:08:40 22-Apr-2014,22:31:42 22-Apr-2014,Surface,,,,,1381,1383,,,,,,,,,,,,,1115,267
"40858",40858,0.500000,Argos,Mk10,6,22:31:42 22-Apr-2014,22:37:26 22-Apr-2014,Dive,1,U,158.0,161.5,343,345,,,,,,,,,,,,,
"40858",40858,0.500000,Argos,Mk10,6,22:37:26 22-Apr-2014,23:24:42 22-Apr-2014,Surface,,,,,2835,2837,,,,,,,,,,,,,1830,1006
"40858",40858,0.500000,Argos,Mk10,6,23:24:42 22-Apr-2014,23:25:48 22-Apr-2014,Dive,1,U,5.0,5.0,65,67,,,,,,,,,,,,,
"40858",40858,0.500000,Argos,Mk10,6,23:25:48 22-Apr-2014,23:56:08 22-Apr-2014,Surface,,,,,1819,1821,,,,,,,,,,,,,1174,646
"40858",40858,0.500000,Argos,Mk10,6,23:56:08 22-Apr-2014,23:57:08 22-Apr-2014,Dive,1,Square,8.5,8.5,59,61,,,,,,,,,,,,,
"40858",40858,0.500000,Argos,Mk10,6,23:57:08 22-Apr-2014,23:58:30 22-Apr-2014,Surface,,,,,81,83,,,,,,,,,,,,,48,34
"40858",40858,0.500000,Argos,Mk10,8,23:58:00 22-Apr-2014,11:40:04 23-Apr-2014,Message,10,,,,42085.000000,42163.000000,,,,,,,,,,,,,
"40858",40858,0.500000,Argos,Mk10,8,23:58:00 22-Apr-2014,23:59:06 22-Apr-2014,Dive,1,Square,11.5,11.5,65,67,,,,,,,,,,,,,
"40858",40858,0.500000,Argos,Mk10,8,23:59:06 22-Apr-2014,00:50:50 23-Apr-2014,Surface,,,,,3103,3105,,,,,,,,,,,,,2603,501
"40858",40858,0.500000,Argos,Mk10,8,00:50:50 23-Apr-2014,00:52:16 23-Apr-2014,Dive,1,Square,5.5,5.5,85,87,,,,,,,,,,,,,
"40858",40858,0.500000,Argos,Mk10,8,00:52:16 23-Apr-2014,00:57:04 23-Apr-2014,Surface,,,,,287,289,,,,,,,,,,,,,121,167
"40858",40858,0.500000,Argos,Mk10,8,00:57:04 23-Apr-2014,00:58:16 23-Apr-2014,Dive,1,Square,4.5,4.5,71,73,,,,,,,,,,,,,
"40858",40858,0.500000,Argos,Mk10,8,00:58:16 23-Apr-2014,11:35:16 23-Apr-2014,Surface,,,,,38190,38250,,,,,,,,,,,,,38220,0
"40858",40858,0.500000,Argos,Mk10,8,11:35:16 23-Apr-2014,11:36:24 23-Apr-2014,Dive,1,Square,4.5,4.5,67,69,,,,,,,,,,,,,
"40858",40858,0.500000,Argos,Mk10,8,11:36:24 23-Apr-2014,11:36:36 23-Apr-2014,Surface,,,,,11,13,,,,,,,,,,,,,12,0
"40858",40858,0.500000,Argos,Mk10,8,11:36:36 23-Apr-2014,11:38:26 23-Apr-2014,Dive,1,U,6.0,6.0,109,111,,,,,,,,,,,,,
"40858",40858,0.500000,Argos,Mk10,8,11:38:26 23-Apr-2014,11:40:04 23-Apr-2014,Surface,,,,,97,99,,,,,,,,,,,,,54,44
"40858",40858,0.500000,Argos,Mk10,7,11:40:00 23-Apr-2014,11:54:36 23-Apr-2014,Message,10,,,,866.000000,886.000000,,,,,,,,,,,,,
"40858",40858,0.500000,Argos,Mk10,7,11:40:00 23-Apr-2014,11:42:06 23-Apr-2014,Dive,1,U,6.5,6.5,125,127,,,,,,,,,,,,,
"40858",40858,0.500000,Argos,Mk10,7,11:42:06 23-Apr-2014,11:44:08 23-Apr-2014,Surface,,,,,121,123,,,,,,,,,,,,,67,55
"40858",40858,0.500000,Argos,Mk10,7,11:44:08 23-Apr-2014,11:46:36 23-Apr-2014,Dive,1,U,6.5,6.5,147,149,,,,,,,,,,,,,
"40858",40858,0.500000,Argos,Mk10,7,11:46:36 23-Apr-2014,11:47:18 23-Apr-2014,Surface,,,,,41,43,,,,,,,,,,,,,37,5
"40858",40858,0.500000,Argos,Mk10,7,11:47:18 23-Apr-2014,11:49:06 23-Apr-2014,Dive,1,V,15.0,15.0,107,109,,,,,,,,,,,,,
"40858",40858,0.500000,Argos,Mk10,7,11:49:06 23-Apr-2014,11:49:40 23-Apr-2014,Surface,,,,,33,35,,,,,,,,,,,,,26,8
"40858",40858,0.500000,Argos,Mk10,7,11:49:40 23-Apr-2014,11:51:52 23-Apr-2014,Dive,1,V,25.5,26.0,131,133,,,,,,,,,,,,,
"40858",40858,0.500000,Argos,Mk10,7,11:51:52 23-Apr-2014,11:51:54 23-Apr-2014,Surface,,,,,1,3,,,,,,,,,,,,,2,0
"40858",40858,0.500000,Argos,Mk10,7,11:51:54 23-Apr-2014,11:53:28 23-Apr-2014,Dive,1,Square,5.0,5.0,93,95,,,,,,,,,,,,,
"40858",40858,0.500000,Argos,Mk10,7,11:53:28 23-Apr-2014,11:54:36 23-Apr-2014,Surface,,,,,67,69,,,,,,,,,,,,,44,24
"40858",40858,0.500000,Argos,Mk10,6,11:54:00 23-Apr-2014,12:10:12 23-Apr-2014,Message,10,,,,962.000000,982.000000,,,,,,,,,,,,,
"40858",40858,0.500000,Argos,Mk10,6,11:54:00 23-Apr-2014,11:57:44 23-Apr-2014,Dive,1,V,12.5,12.5,223,225,,,,,,,,,,,,,
"40858",40858,0.500000,Argos,Mk10,6,11:57:44 23-Apr-2014,11:58:26 23-Apr-2014,Surface,,,,,41,43,,,,,,,,,,,,,39,3
"40858",40858,0.500000,Argos,Mk10,6,11:58:26 23-Apr-2014,12:00:00 23-Apr-2014,Dive,1,U,15.0,15.0,93,95,,,,,,,,,,,,,
"40858",40858,0.500000,Argos,Mk10,6,12:00:00 23-Apr-2014,12:00:22 23-Apr-2014,Surface,,,,,21,23,,,,,,,,,,,,,17,5
"40858",40858,0.500000,Argos,Mk10,6,12:00:22 23-Apr-2014,12:01:58 23-Apr-2014,Dive,1,U,6.5,6.5,95,97,,,,,,,,,,,,,
"40858",40858,0.500000,Argos,Mk10,6,12:01:58 23-Apr-2014,12:03:58 23-Apr-2014,Surface,,,,,119,121,,,,,,,,,,,,,62,58
"40858",40858,0.500000,Argos,Mk10,6,12:03:58 23-Apr-2014,12:05:06 23-Apr-2014,Dive,1,V,9.5,9.5,67,69,,,,,,,,,,,,,
"40858",40858,0.500000,Argos,Mk10,6,12:05:06 23-Apr-2014,12:05:32 23-Apr-2014,Surface,,,,,25,27,,,,,,,,,,,,,23,3
"40858",40858,0.500000,Argos,Mk10,6,12:05:32 23-Apr-2014,12:08:34 23-Apr-2014,Dive,1,V,9.0,9.0,181,183,,,,,,,,,,,,,
"40858",40858,0.500000,Argos,Mk10,6,12:08:34 23-Apr-2014,12:10:12 23-Apr-2014,Surface,,,,,97,99,,,,,,,,,,,,,51,47
"40858",40858,0.500000,Argos,Mk10,8,12:11:00 23-Apr-2014,12:27:08 23-Apr-2014,Message,10,,,,958.000000,978.000000,,,,,,,,,,,,,
"40858",40858,0.500000,Argos,Mk10,8,12:11:00 23-Apr-2014,12:12:48 23-Apr-2014,Dive,1,Square,5.0,5.0,107,109,,,,,,,,,,,,,
"40858",40858,0.500000,Argos,Mk10,8,12:12:48 23-Apr-2014,12:13:22 23-Apr-2014,Surface,,,,,33,35,,,,,,,,,,,,,10,24
"40858",40858,0.500000,Argos,Mk10,8,12:13:22 23-Apr-2014,12:15:24 23-Apr-2014,Dive,1,Square,4.5,4.5,121,123,,,,,,,,,,,,,
"40858",40858,0.500000,Argos,Mk10,8,12:15:24 23-Apr-2014,12:16:40 23-Apr-2014,Surface,,,,,75,77,,,,,,,,,,,,,49,27
"40858",40858,0.500000,Argos,Mk10,8,12:16:40 23-Apr-2014,12:19:48 23-Apr-2014,Dive,1,Square,4.5,4.5,187,189,,,,,,,,,,,,,
"40858",40858,0.500000,Argos,Mk10,8,12:19:48 23-Apr-2014,12:20:26 23-Apr-2014,Surface,,,,,37,39,,,,,,,,,,,,,38,0
"40858",40858,0.500000,Argos,Mk10,8,12:20:26 23-Apr-2014,12:21:40 23-Apr-2014,Dive,1,U,6.5,6.5,73,75,,,,,,,,,,,,,
"40858",40858,0.500000,Argos,Mk10,8,12:21:40 23-Apr-2014,12:24:14 23-Apr-2014,Surface,,,,,153,155,,,,,,,,,,,,,89,65
"40858",40858,0.500000,Argos,Mk10,8,12:24:14 23-Apr-2014,12:25:40 23-Apr-2014,Dive,1,Square,5.0,5.0,85,87,,,,,,,,,,,,,
"40858",40858,0.500000,Argos,Mk10,8,12:25:40 23-Apr-2014,12:27:08 23-Apr-2014,Surface,,,,,87,89,,,,,,,,,,,,,28,60
"40858",40858,0.500000,Argos,Mk10,7,12:27:00 23-Apr-2014,12:38:08 23-Apr-2014,Message,10,,,,658.000000,678.000000,,,,,,,,,,,,,
"40858",40858,0.500000,Argos,Mk10,7,12:27:00 23-Apr-2014,12:28:00 23-Apr-2014,Dive,1,Square,6.0,6.0,59,61,,,,,,,,,,,,,
"40858",40858,0.500000,Argos,Mk10,7,12:28:00 23-Apr-2014,12:29:06 23-Apr-2014,Surface,,,,,65,67,,,,,,,,,,,,,38,28
"40858",40858,0.500000,Argos,Mk10,7,12:29:06 23-Apr-2014,12:30:54 23-Apr-2014,Dive,1,U,14.0,14.0,107,109,,,,,,,,,,,,,
"40858",40858,0.500000,Argos,Mk10,7,12:30:54 23-Apr-2014,12:31:06 23-Apr-2014,Surface,,,,,11,13,,,,,,,,,,,,,12,0
"40858",40858,0.500000,Argos,Mk10,7,12:31:06 23-Apr-2014,12:33:18 23-Apr-2014,Dive,1,Square,5.5,5.5,131,133,,,,,,,,,,,,,
"40858",40858,0.500000,Argos,Mk10,7,12:33:18 23-Apr-2014,12:33:56 23-Apr-2014,Surface,,,,,37,39,,,,,,,,,,,,,29,9
"40858",40858,0.500000,Argos,Mk10,7,12:33:56 23-Apr-2014,12:35:32 23-Apr-2014,Dive,1,V,7.0,7.0,95,97,,,,,,,,,,,,,
"40858",40858,0.500000,Argos,Mk10,7,12:35:32 23-Apr-2014,12:36:10 23-Apr-2014,Surface,,,,,37,39,,,,,,,,,,,,,22,16
"40858",40858,0.500000,Argos,Mk10,7,12:36:10 23-Apr-2014,12:37:40 23-Apr-2014,Dive,1,V,9.5,9.5,89,91,,,,,,,,,,,,,
"40858",40858,0.500000,Argos,Mk10,7,12:37:40 23-Apr-2014,12:38:08 23-Apr-2014,Surface,,,,,27,29,,,,,,,,,,,,,28,0
"40858",40858,0.500000,Argos,Mk10,5,12:38:00 23-Apr-2014,05:40:26 24-Apr-2014,Message,10,,,,61307.000000,61385.000000,,,,,,,,,,,,,
"40858",40858,0.500000,Argos,Mk10,5,12:38:00 23-Apr-2014,12:39:04 23-Apr-2014,Dive,1,U,9.5,9.5,63,65,,,,,,,,,,,,,
"40858",40858,0.500000,Argos,Mk10,5,12:39:04 23-Apr-2014,05:25:04 24-Apr-2014,Surface,,,,,60330,60390,,,,,,,,,,,,,60360,0
"40858",40858,0.500000,Argos,Mk10,5,05:25:04 24-Apr-2014,05:28:22 24-Apr-2014,Dive,1,V,7.0,7.0,197,199,,,,,,,,,,,,,
"40858",40858,0.500000,Argos,Mk10,5,05:28:22 24-Apr-2014,05:29:08 24-Apr-2014,Surface,,,,,45,47,,,,,,,,,,,,,43,3
"40858",40858,0.500000,Argos,Mk10,5,05:29:08 24-Apr-2014,05:31:24 24-Apr-2014,Dive,1,Square,8.5,8.5,135,137,,,,,,,,,,,,,
"40858",40858,0.500000,Argos,Mk10,5,05:31:24 24-Apr-2014,05:32:00 24-Apr-2014,Surface,,,,,35,37,,,,,,,,,,,,,36,0
"40858",40858,0.500000,Argos,Mk10,5,05:32:00 24-Apr-2014,05:38:02 24-Apr-2014,Dive,1,Square,7.5,7.5,361,363,,,,,,,,,,,,,
"40858",40858,0.500000,Argos,Mk10,5,05:38:02 24-Apr-2014,05:38:40 24-Apr-2014,Surface,,,,,37,39,,,,,,,,,,,,,20,18
"40858",40858,0.500000,Argos,Mk10,5,05:38:40 24-Apr-2014,05:39:52 24-Apr-2014,Dive,1,Square,4.0,4.0,71,73,,,,,,,,,,,,,
"40858",40858,0.500000,Argos,Mk10,5,05:39:52 24-Apr-2014,05:40:26 24-Apr-2014,Surface,,,,,33,35,,,,,,,,,,,,,15,19
"40858",40858,0.500000,Argos,Mk10,7,05:40:00 24-Apr-2014,06:08:42 24-Apr-2014,Message,10,,,,1712.000000,1732.000000,,,,,,,,,,,,,
"40858",40858,0.500000,Argos,Mk10,7,05:40:00 24-Apr-2014,05:47:52 24-Apr-2014,Dive,1,U,238.0,241.5,471,473,,,,,,,,,,,,,
"40858",40858,0.500000,Argos,Mk10,7,05:47:52 24-Apr-2014,05:51:18 24-Apr-2014,Surface,,,,,205,207,,,,,,,,,,,,,53,153
"40858",40858,0.500000,Argos,Mk10,7,05:51:18 24-Apr-2014,05:52:32 24-Apr-2014,Dive,1,Square,5.5,5.5,73,75,,,,,,,,,,,,,
"40858",40858,0.500000,Argos,Mk10,7,05:52:32 24-Apr-2014,05:53:04 24-Apr-2014,Surface,,,,,31,33,,,,,,,,,,,,,25,7
"40858",40858,0.500000,Argos,Mk10,7,05:53:04 24-Apr-2014,05:54:14 24-Apr-2014,Dive,1,Square,4.5,4.5,69,71,,,,,,,,,,,,,
"40858",40858,0.500000,Argos,Mk10,7,05:54:14 24-Apr-2014,05:56:32 24-Apr-2014,Surface,,,,,137,139,,,,,,,,,,,,,27,111
"40858",40858,0.500000,Argos,Mk10,7,05:56:32 24-Apr-2014,05:59:14 24-Apr-2014,Dive,1,V,9.5,9.5,161,163,,,,,,,,,,,,,
"40858",40858,0.500000,Argos,Mk10,7,05:59:14 24-Apr-2014,06:01:52 24-Apr-2014,Surface,,,,,157,159,,,,,,,,,,,,,51,107
"40858",40858,0.500000,Argos,Mk10,7,06:01:52 24-Apr-2014,06:07:00 24-Apr-2014,Dive,1,U,158.0,161.5,307,309,,,,,,,,,,,,,
"40858",40858,0.500000,Argos,Mk10,7,06:07:00 24-Apr-2014,06:08:42 24-Apr-2014,Surface,,,,,101,103,,,,,,,,,,,,,79,23
"40858",40858,0.500000,Argos,Mk10,5,06:09:00 24-Apr-2014,06:56:26 24-Apr-2014,Message,10,,,,2836.000000,2856.000000,,,,,,,,,,,,,
"40858",40858,0.500000,Argos,Mk10,5,06:09:00 24-Apr-2014,06:11:34 24-Apr-2014,Dive,1,Square,5.5,5.5,153,155,,,,,,,,,,,,,
"40858",40858,0.500000,Argos,Mk10,5,06:11:34 24-Apr-2014,06:24:30 24-Apr-2014,Surface,,,,,775,777,,,,,,,,,,,,,275,501
"40858",40858,0.500000,Argos,Mk10,5,06:24:30 24-Apr-2014,06:30:32 24-Apr-2014,Dive,1,U,226.0,229.5,361,363,,,,,,,,,,,,,
"40858",40858,0.500000,Argos,Mk10,5,06:30:32 24-Apr-2014,06:40:12 24-Apr-2014,Surface,,,,,579,581,,,,,,,,,,,,,281,299
"40858",40858,0.500000,Argos,Mk10,5,06:40:12 24-Apr-2014,06:42:10 24-Apr-2014,Dive,1,Square,5.5,5.5,117,119,,,,,,,,,,,,,
"40858",40858,0.500000,Argos,Mk10,5,06:42:10 24-Apr-2014,06:51:40 24-Apr-2014,Surface,,,,,569,571,,,,,,,,,,,,,202,368
"40858",40858,0.500000,Argos,Mk10,5,06:51:40 24-Apr-2014,06:53:26 24-Apr-2014,Dive,1,U,13.5,13.5,105,107,,,,,,,,,,,,,
"40858",40858,0.500000,Argos,Mk10,5,06:53:26 24-Apr-2014,06:54:00 24-Apr-2014,Surface,,,,,33,35,,,,,,,,,,,,,34,0
"40858",40858,0.500000,Argos,Mk10,5,06:54:00 24-Apr-2014,06:55:48 24-Apr-2014,Dive,1,Square,10.0,10.0,107,109,,,,,,,,,,,,,
"40858",40858,0.500000,Argos,Mk10,5,06:55:48 24-Apr-2014,06:56:26 24-Apr-2014,Surface,,,,,37,39,,,,,,,,,,,,,38,0
"40858",40858,0.500000,Argos,Mk10,4,06:56:00 24-Apr-2014,17:07:54 24-Apr-2014,Message,10,,,,36675.000000,36753.000000,,,,,,,,,,,,,
"40858",40858,0.500000,Argos,Mk10,4,06:56:00 24-Apr-2014,06:57:30 24-Apr-2014,Dive,1,V,40.5,41.0,89,91,,,,,,,,,,,,,
"40858",40858,0.500000,Argos,Mk10,4,06:57:30 24-Apr-2014,07:00:18 24-Apr-2014,Surface,,,,,167,169,,,,,,,,,,,,,81,87
"40858",40858,0.500000,Argos,Mk10,4,07:00:18 24-Apr-2014,07:01:36 24-Apr-2014,Dive,1,Square,5.0,5.0,77,79,,,,,,,,,,,,,
"40858",40858,0.500000,Argos,Mk10,4,07:01:36 24-Apr-2014,07:07:38 24-Apr-2014,Surface,,,,,361,363,,,,,,,,,,,,,163,199
"40858",40858,0.500000,Argos,Mk10,4,07:07:38 24-Apr-2014,07:10:42 24-Apr-2014,Dive,1,U,6.0,6.0,183,185,,,,,,,,,,,,,
"40858",40858,0.500000,Argos,Mk10,4,07:10:42 24-Apr-2014,07:14:40 24-Apr-2014,Surface,,,,,237,239,,,,,,,,,,,,,123,115
"40858",40858,0.500000,Argos,Mk10,4,07:14:40 24-Apr-2014,07:16:42 24-Apr-2014,Dive,1,V,10.0,10.0,121,123,,,,,,,,,,,,,
"40858",40858,0.500000,Argos,Mk10,4,07:16:42 24-Apr-2014,16:56:42 24-Apr-2014,Surface,,,,,34770,34830,,,,,,,,,,,,,33677,1123
"40858",40858,0.500000,Argos,Mk10,4,16:56:42 24-Apr-2014,17:05:46 24-Apr-2014,Dive,1,V,238.0,241.5,543,545,,,,,,,,,,,,,
"40858",40858,0.500000,Argos,Mk10,4,17:05:46 24-Apr-2014,17:07:54 24-Apr-2014,Surface,,,,,127,129,,,,,,,,,,,,,128,0
"40858",40858,0.500000,Argos,Mk10,2,17:08:00 24-Apr-2014,18:03:54 24-Apr-2014,Message,10,,,,3344.000000,3364.000000,,,,,,,,,,,,,
"40858",40858,0.500000,Argos,Mk10,2,17:08:00 24-Apr-2014,17:17:08 24-Apr-2014,Dive,1,Square,206.0,209.5,547,549,,,,,,,,,,,,,
"40858",40858,0.500000,Argos,Mk10,2,17:17:08 24-Apr-2014,17:19:02 24-Apr-2014,Surface,,,,,113,115,,,,,,,,,,,,,114,0
"40858",40858,0.500000,Argos,Mk10,2,17:19:02 24-Apr-2014,17:28:38 24-Apr-2014,Dive,1,Square,210.0,213.5,575,577,,,,,,,,,,,,,
"40858",40858,0.500000,Argos,Mk10,2,17:28:38 24-Apr-2014,17:30:40 24-Apr-2014,Surface,,,,,121,123,,,,,,,,,,,,,122,0
"40858",40858,0.500000,Argos,Mk10,2,17:30:40 24-Apr-2014,17:39:58 24-Apr-2014,Dive,1,U,206.0,209.5,557,559,,,,,,,,,,,,,
"40858",40858,0.500000,Argos,Mk10,2,17:39:58 24-Apr-2014,17:41:50 24-Apr-2014,Surface,,,,,111,113,,,,,,,,,,,,,112,0
"40858",40858,0.500000,Argos,Mk10,2,17:41:50 24-Apr-2014,17:50:58 24-Apr-2014,Dive,1,Square,146.0,149.5,547,549,,,,,,,,,,,,,
"40858",40858,0.500000,Argos,Mk10,2,17:50:58 24-Apr-2014,17:52:48 24-Apr-2014,Surface,,,,,109,111,,,,,,,,,,,,,110,0
"40858",40858,0.500000,Argos,Mk10,2,17:52:48 24-Apr-2014,18:01:48 24-Apr-2014,Dive,1,Square,138.0,141.5,539,541,,,,,,,,,,,,,
"40858",40858,0.500000,Argos,Mk10,2,18:01:48 24-Apr-2014,18:03:54 24-Apr-2014,Surface,,,,,125,127,,,,,,,,,,,,,126,0
"40858",40858,0.500000,Argos,Mk10,2,18:04:00 24-Apr-2014,18:58:10 24-Apr-2014,Message,10,,,,3240.000000,3260.000000,,,,,,,,,,,,,
"40858",40858,0.500000,Argos,Mk10,2,18:04:00 24-Apr-2014,18:12:42 24-Apr-2014,Dive,1,U,214.0,217.5,521,523,,,,,,,,,,,,,
"40858",40858,0.500000,Argos,Mk10,2,18:12:42 24-Apr-2014,18:14:34 24-Apr-2014,Surface,,,,,111,113,,,,,,,,,,,,,112,0
"40858",40858,0.500000,Argos,Mk10,2,18:14:34 24-Apr-2014,18:22:50 24-Apr-2014,Dive,1,Square,206.0,209.5,495,497,,,,,,,,,,,,,
"40858",40858,0.500000,Argos,Mk10,2,18:22:50 24-Apr-2014,18:24:26 24-Apr-2014,Surface,,,,,95,97,,,,,,,,,,,,,96,0
"40858",40858,0.500000,Argos,Mk10,2,18:24:26 24-Apr-2014,18:33:34 24-Apr-2014,Dive,1,U,234.0,237.5,547,549,,,,,,,,,,,,,
"40858",40858,0.500000,Argos,Mk10,2,18:33:34 24-Apr-2014,18:38:32 24-Apr-2014,Surface,,,,,297,299,,,,,,,,,,,,,260,38
"40858",40858,0.500000,Argos,Mk10,2,18:38:32 24-Apr-2014,18:47:52 24-Apr-2014,Dive,1,U,308.0,315.5,559,561,,,,,,,,,,,,,
"40858",40858,0.500000,Argos,Mk10,2,18:47:52 24-Apr-2014,18:49:38 24-Apr-2014,Surface,,,,,105,107,,,,,,,,,,,,,106,0
"40858",40858,0.500000,Argos,Mk10,2,18:49:38 24-Apr-2014,18:56:24 24-Apr-2014,Dive,1,Square,142.0,145.5,405,407,,,,,,,,,,,,,
"40858",40858,0.500000,Argos,Mk10,2,18:56:24 24-Apr-2014,18:58:10 24-Apr-2014,Surface,,,,,105,107,,,,,,,,,,,,,106,0
"40858",40858,0.500000,Argos,Mk10,4,18:58:00 24-Apr-2014,19:47:08 24-Apr-2014,Message,10,,,,2938.000000,2958.000000,,,,,,,,,,,,,
"40858",40858,0.500000,Argos,Mk10,4,18:58:00 24-Apr-2014,19:04:30 24-Apr-2014,Dive,1,Square,150.0,153.5,389,391,,,,,,,,,,,,,
"40858",40858,0.500000,Argos,Mk10,4,19:04:30 24-Apr-2014,19:06:14 24-Apr-2014,Surface,,,,,103,105,,,,,,,,,,,,,104,0
"40858",40858,0.500000,Argos,Mk10,4,19:06:14 24-Apr-2014,19:13:22 24-Apr-2014,Dive,1,Square,158.0,161.5,427,429,,,,,,,,,,,,,
"40858",40858,0.500000,Argos,Mk10,4,19:13:22 24-Apr-2014,19:15:16 24-Apr-2014,Surface,,,,,113,115,,,,,,,,,,,,,114,0
"40858",40858,0.500000,Argos,Mk10,4,19:15:16 24-Apr-2014,19:22:54 24-Apr-2014,Dive,1,Square,190.0,193.5,457,459,,,,,,,,,,,,,
"40858",40858,0.500000,Argos,Mk10,4,19:22:54 24-Apr-2014,19:24:40 24-Apr-2014,Surface,,,,,105,107,,,,,,,,,,,,,106,0
"40858",40858,0.500000,Argos,Mk10,4,19:24:40 24-Apr-2014,19:32:20 24-Apr-2014,Dive,1,Square,146.0,149.5,459,461,,,,,,,,,,,,,
"40858",40858,0.500000,Argos,Mk10,4,19:32:20 24-Apr-2014,19:37:38 24-Apr-2014,Surface,,,,,317,319,,,,,,,,,,,,,287,31
"40858",40858,0.500000,Argos,Mk10,4,19:37:38 24-Apr-2014,19:44:56 24-Apr-2014,Dive,1,Square,150.0,153.5,437,439,,,,,,,,,,,,,
"40858",40858,0.500000,Argos,Mk10,4,19:44:56 24-Apr-2014,19:47:08 24-Apr-2014,Surface,,,,,131,133,,,,,,,,,,,,,132,0
"40858",40858,0.500000,Argos,Mk10,2,19:47:00 24-Apr-2014,07:54:12 25-Apr-2014,Message,10,,,,43593.000000,43671.000000,,,,,,,,,,,,,
"40858",40858,0.500000,Argos,Mk10,2,19:47:00 24-Apr-2014,19:53:30 24-Apr-2014,Dive,1,Square,154.0,157.5,389,391,,,,,,,,,,,,,
"40858",40858,0.500000,Argos,Mk10,2,19:53:30 24-Apr-2014,07:01:30 25-Apr-2014,Surface,,,,,40050,40110,,,,,,,,,,,,,40080,0
"40858",40858,0.500000,Argos,Mk10,2,07:01:30 25-Apr-2014,07:12:06 25-Apr-2014,Dive,1,U,404.0,411.5,635,637,,,,,,,,,,,,,
"40858",40858,0.500000,Argos,Mk10,2,07:12:06 25-Apr-2014,07:20:10 25-Apr-2014,Surface,,,,,483,485,,,,,,,,,,,,,343,141
"40858",40858,0.500000,Argos,Mk10,2,07:20:10 25-Apr-2014,07:29:24 25-Apr-2014,Dive,1,U,174.0,177.5,553,555,,,,,,,,,,,,,
"40858",40858,0.500000,Argos,Mk10,2,07:29:24 25-Apr-2014,07:32:08 25-Apr-2014,Surface,,,,,163,165,,,,,,,,,,,,,153,11
"40858",40858,0.500000,Argos,Mk10,2,07:32:08 25-Apr-2014,07:41:56 25-Apr-2014,Dive,1,U,222.0,225.5,587,589,,,,,,,,,,,,,
"40858",40858,0.500000,Argos,Mk10,2,07:41:56 25-Apr-2014,07:43:50 25-Apr-2014,Surface,,,,,113,115,,,,,,,,,,,,,110,4
"40858",40858,0.500000,Argos,Mk10,2,07:43:50 25-Apr-2014,07:52:48 25-Apr-2014,Dive,1,U,206.0,209.5,537,539,,,,,,,,,,,,,
"40858",40858,0.500000,Argos,Mk10,2,07:52:48 25-Apr-2014,07:54:12 25-Apr-2014,Surface,,,,,83,85,,,,,,,,,,,,,84,0
"40858",40858,0.500000,Argos,Mk10,2,07:54:00 25-Apr-2014,08:57:32 25-Apr-2014,Message,10,,,,3802.000000,3822.000000,,,,,,,,,,,,,
"40858",40858,0.500000,Argos,Mk10,2,07:54:00 25-Apr-2014,08:03:34 25-Apr-2014,Dive,1,U,412.0,419.5,573,575,,,,,,,,,,,,,
"40858",40858,0.500000,Argos,Mk10,2,08:03:34 25-Apr-2014,08:07:40 25-Apr-2014,Surface,,,,,245,247,,,,,,,,,,,,,238,8
"40858",40858,0.500000,Argos,Mk10,2,08:07:40 25-Apr-2014,08:16:46 25-Apr-2014,Dive,1,Square,166.0,169.5,545,547,,,,,,,,,,,,,
"40858",40858,0.500000,Argos,Mk10,2,08:16:46 25-Apr-2014,08:18:10 25-Apr-2014,Surface,,,,,83,85,,,,,,,,,,,,,84,0
"40858",40858,0.500000,Argos,Mk10,2,08:18:10 25-Apr-2014,08:26:28 25-Apr-2014,Dive,1,Square,150.0,153.5,497,499,,,,,,,,,,,,,
"40858",40858,0.500000,Argos,Mk10,2,08:26:28 25-Apr-2014,08:32:10 25-Apr-2014,Surface,,,,,341,343,,,,,,,,,,,,,331,11
"40858",40858,0.500000,Argos,Mk10,2,08:32:10 25-Apr-2014,08:40:26 25-Apr-2014,Dive,1,Square,130.0,133.5,495,497,,,,,,,,,,,,,
"40858",40858,0.500000,Argos,Mk10,2,08:40:26 25-Apr-2014,08:48:30 25-Apr-2014,Surface,,,,,483,485,,,,,,,,,,,,,359,125
"40858",40858,0.500000,Argos,Mk10,2,08:48:30 25-Apr-2014,08:55:42 25-Apr-2014,Dive,1,U,222.0,225.5,431,433,,,,,,,,,,,,,
"40858",40858,0.500000,Argos,Mk10,2,08:55:42 25-Apr-2014,08:57:32 25-Apr-2014,Surface,,,,,109,111,,,,,,,,,,,,,110,0
"40858",40858,0.500000,Argos,Mk10,3,08:58:00 25-Apr-2014,09:39:18 25-Apr-2014,Message,10,,,,2468.000000,2488.000000,,,,,,,,,,,,,
"40858",40858,0.500000,Argos,Mk10,3,08:58:00 25-Apr-2014,09:04:38 25-Apr-2014,Dive,1,U,246.0,251.5,397,399,,,,,,,,,,,,,
"40858",40858,0.500000,Argos,Mk10,3,09:04:38 25-Apr-2014,09:10:30 25-Apr-2014,Surface,,,,,351,353,,,,,,,,,,,,,329,23
"40858",40858,0.500000,Argos,Mk10,3,09:10:30 25-Apr-2014,09:18:04 25-Apr-2014,Dive,1,U,340.0,347.5,453,455,,,,,,,,,,,,,
"40858",40858,0.500000,Argos,Mk10,3,09:18:04 25-Apr-2014,09:28:42 25-Apr-2014,Surface,,,,,637,639,,,,,,,,,,,,,370,268
"40858",40858,0.500000,Argos,Mk10,3,09:28:42 25-Apr-2014,09:30:18 25-Apr-2014,Dive,1,U,14.5,14.5,95,97,,,,,,,,,,,,,
"40858",40858,0.500000,Argos,Mk10,3,09:30:18 25-Apr-2014,09:31:46 25-Apr-2014,Surface,,,,,87,89,,,,,,,,,,,,,57,31
"40858",40858,0.500000,Argos,Mk10,3,09:31:46 25-Apr-2014,09:32:52 25-Apr-2014,Dive,1,V,11.0,11.0,65,67,,,,,,,,,,,,,
"40858",40858,0.500000,Argos,Mk10,3,09:32:52 25-Apr-2014,09:33:04 25-Apr-2014,Surface,,,,,11,13,,,,,,,,,,,,,12,0
"40858",40858,0.500000,Argos,Mk10,3,09:33:04 25-Apr-2014,09:34:52 25-Apr-2014,Dive,1,Square,6.5,6.5,107,109,,,,,,,,,,,,,
"40858",40858,0.500000,Argos,Mk10,3,09:34:52 25-Apr-2014,09:39:18 25-Apr-2014,Surface,,,,,265,267,,,,,,,,,,,,,163,103
"40858",40858,0.500000,Argos,Mk10,3,09:39:00 25-Apr-2014,11:20:52 25-Apr-2014,Message,10,,,,6102.000000,6122.000000,,,,,,,,,,,,,
"40858",40858,0.500000,Argos,Mk10,3,09:39:00 25-Apr-2014,09:44:06 25-Apr-2014,Dive,1,U,214.0,217.5,305,307,,,,,,,,,,,,,
"40858",40858,0.500000,Argos,Mk10,3,09:44:06 25-Apr-2014,10:11:52 25-Apr-2014,Surface,,,,,1665,1667,,,,,,,,,,,,,1021,645
"40858",40858,0.500000,Argos,Mk10,3,10:11:52 25-Apr-2014,10:12:54 25-Apr-2014,Dive,1,U,5.5,5.5,61,63,,,,,,,,,,,,,
"40858",40858,0.500000,Argos,Mk10,3,10:12:54 25-Apr-2014,10:24:46 25-Apr-2014,Surface,,,,,711,713,,,,,,,,,,,,,551,161
"40858",40858,0.500000,Argos,Mk10,3,10:24:46 25-Apr-2014,10:33:12 25-Apr-2014,Dive,1,U,332.0,339.5,505,507,,,,,,,,,,,,,
"40858",40858,0.500000,Argos,Mk10,3,10:33:12 25-Apr-2014,10:53:52 25-Apr-2014,Surface,,,,,1239,1241,,,,,,,,,,,,,960,280
"40858",40858,0.500000,Argos,Mk10,3,10:53:52 25-Apr-2014,11:02:44 25-Apr-2014,Dive,1,U,396.0,403.5,531,533,,,,,,,,,,,,,
"40858",40858,0.500000,Argos,Mk10,3,11:02:44 25-Apr-2014,11:09:06 25-Apr-2014,Surface,,,,,381,383,,,,,,,,,,,,,370,12
"40858",40858,0.500000,Argos,Mk10,3,11:09:06 25-Apr-2014,11:18:10 25-Apr-2014,Dive,1,U,364.0,371.5,543,545,,,,,,,,,,,,,
"40858",40858,0.500000,Argos,Mk10,3,11:18:10 25-Apr-2014,11:20:52 25-Apr-2014,Surface,,,,,161,163,,,,,,,,,,,,,162,0
"40858",40858,0.500000,Argos,Mk10,3,11:20:00 25-Apr-2014,12:17:54 25-Apr-2014,Message,10,,,,3464.000000,3484.000000,,,,,,,,,,,,,
"40858",40858,0.500000,Argos,Mk10,3,11:20:00 25-Apr-2014,11:28:40 25-Apr-2014,Dive,1,U,396.0,403.5,519,521,,,,,,,,,,,,,
"40858",40858,0.500000,Argos,Mk10,3,11:28:40 25-Apr-2014,11:31:14 25-Apr-2014,Surface,,,,,153,155,,,,,,,,,,,,,154,0
"40858",40858,0.500000,Argos,Mk10,3,11:31:14 25-Apr-2014,11:40:20 25-Apr-2014,Dive,1,U,372.0,379.5,545,547,,,,,,,,,,,,,
"40858",40858,0.500000,Argos,Mk10,3,11:40:20 25-Apr-2014,11:42:28 25-Apr-2014,Surface,,,,,127,129,,,,,,,,,,,,,128,0
"40858",40858,0.500000,Argos,Mk10,3,11:42:28 25-Apr-2014,11:50:50 25-Apr-2014,Dive,1,U,388.0,395.5,501,503,,,,,,,,,,,,,
"40858",40858,0.500000,Argos,Mk10,3,11:50:50 25-Apr-2014,11:53:50 25-Apr-2014,Surface,,,,,179,181,,,,,,,,,,,,,180,0
"40858",40858,0.500000,Argos,Mk10,3,11:53:50 25-Apr-2014,12:02:16 25-Apr-2014,Dive,1,U,356.0,363.5,505,507,,,,,,,,,,,,,
"40858",40858,0.500000,Argos,Mk10,3,12:02:16 25-Apr-2014,12:05:08 25-Apr-2014,Surface,,,,,171,173,,,,,,,,,,,,,172,0
"40858",40858,0.500000,Argos,Mk10,3,12:05:08 25-Apr-2014,12:14:36 25-Apr-2014,Dive,1,U,372.0,379.5,567,569,,,,,,,,,,,,,
"40858",40858,0.500000,Argos,Mk10,3,12:14:36 25-Apr-2014,12:17:54 25-Apr-2014,Surface,,,,,197,199,,,,,,,,,,,,,198,0
"40858",40858,0.500000,Argos,Mk10,3,12:18:00 25-Apr-2014,13:14:32 25-Apr-2014,Message,10,,,,3382.000000,3402.000000,,,,,,,,,,,,,
"40858",40858,0.500000,Argos,Mk10,3,12:18:00 25-Apr-2014,12:26:52 25-Apr-2014,Dive,1,U,388.0,395.5,531,533,,,,,,,,,,,,,
"40858",40858,0.500000,Argos,Mk10,3,12:26:52 25-Apr-2014,12:29:10 25-Apr-2014,Surface,,,,,137,139,,,,,,,,,,,,,138,0
"40858",40858,0.500000,Argos,Mk10,3,12:29:10 25-Apr-2014,12:38:16 25-Apr-2014,Dive,1,U,396.0,403.5,545,547,,,,,,,,,,,,,
"40858",40858,0.500000,Argos,Mk10,3,12:38:16 25-Apr-2014,12:41:06 25-Apr-2014,Surface,,,,,169,171,,,,,,,,,,,,,170,0
"40858",40858,0.500000,Argos,Mk10,3,12:41:06 25-Apr-2014,12:49:56 25-Apr-2014,Dive,1,U,380.0,387.5,529,531,,,,,,,,,,,,,
"40858",40858,0.500000,Argos,Mk10,3,12:49:56 25-Apr-2014,12:51:50 25-Apr-2014,Surface,,,,,113,115,,,,,,,,,,,,,114,0
"40858",40858,0.500000,Argos,Mk10,3,12:51:50 25-Apr-2014,13:01:10 25-Apr-2014,Dive,1,U,388.0,395.5,559,561,,,,,,,,,,,,,
"40858",40858,0.500000,Argos,Mk10,3,13:01:10 25-Apr-2014,13:03:36 25-Apr-2014,Surface,,,,,145,147,,,,,,,,,,,,,146,0
"40858",40858,0.500000,Argos,Mk10,3,13:03:36 25-Apr-2014,13:12:36 25-Apr-2014,Dive,1,U,396.0,403.5,539,541,,,,,,,,,,,,,
"40858",40858,0.500000,Argos,Mk10,3,13:12:36 25-Apr-2014,13:14:32 25-Apr-2014,Surface,,,,,115,117,,,,,,,,,,,,,116,0
"40858",40858,0.500000,Argos,Mk10,5,13:15:00 25-Apr-2014,14:04:28 25-Apr-2014,Message,10,,,,2958.000000,2978.000000,,,,,,,,,,,,,
"40858",40858,0.500000,Argos,Mk10,5,13:15:00 25-Apr-2014,13:24:24 25-Apr-2014,Dive,1,U,428.0,435.5,563,565,,,,,,,,,,,,,
"40858",40858,0.500000,Argos,Mk10,5,13:24:24 25-Apr-2014,13:26:12 25-Apr-2014,Surface,,,,,107,109,,,,,,,,,,,,,108,0
"40858",40858,0.500000,Argos,Mk10,5,13:26:12 25-Apr-2014,13:34:06 25-Apr-2014,Dive,1,Square,158.0,161.5,473,475,,,,,,,,,,,,,
"40858",40858,0.500000,Argos,Mk10,5,13:34:06 25-Apr-2014,13:36:12 25-Apr-2014,Surface,,,,,125,127,,,,,,,,,,,,,126,0
"40858",40858,0.500000,Argos,Mk10,5,13:36:12 25-Apr-2014,13:43:46 25-Apr-2014,Dive,1,Square,174.0,177.5,453,455,,,,,,,,,,,,,
"40858",40858,0.500000,Argos,Mk10,5,13:43:46 25-Apr-2014,13:45:16 25-Apr-2014,Surface,,,,,89,91,,,,,,,,,,,,,90,0
"40858",40858,0.500000,Argos,Mk10,5,13:45:16 25-Apr-2014,13:52:14 25-Apr-2014,Dive,1,Square,154.0,157.5,417,419,,,,,,,,,,,,,
"40858",40858,0.500000,Argos,Mk10,5,13:52:14 25-Apr-2014,13:53:58 25-Apr-2014,Surface,,,,,103,105,,,,,,,,,,,,,104,0
"40858",40858,0.500000,Argos,Mk10,5,13:53:58 25-Apr-2014,14:02:40 25-Apr-2014,Dive,1,U,356.0,363.5,521,523,,,,,,,,,,,,,
"40858",40858,0.500000,Argos,Mk10,5,14:02:40 25-Apr-2014,14:04:28 25-Apr-2014,Surface,,,,,107,109,,,,,,,,,,,,,108,0
"40858",40858,0.500000,Argos,Mk10,3,14:04:00 25-Apr-2014,14:59:00 25-Apr-2014,Message,10,,,,3290.000000,3310.000000,,,,,,,,,,,,,
"40858",40858,0.500000,Argos,Mk10,3,14:04:00 25-Apr-2014,14:13:46 25-Apr-2014,Dive,1,U,380.0,387.5,585,587,,,,,,,,,,,,,
"40858",40858,0.500000,Argos,Mk10,3,14:13:46 25-Apr-2014,14:15:44 25-Apr-2014,Surface,,,,,117,119,,,,,,,,,,,,,118,0
"40858",40858,0.500000,Argos,Mk10,3,14:15:44 25-Apr-2014,14:24:24 25-Apr-2014,Dive,1,U,372.0,379.5,519,521,,,,,,,,,,,,,
"40858",40858,0.500000,Argos,Mk10,3,14:24:24 25-Apr-2014,14:25:54 25-Apr-2014,Surface,,,,,89,91,,,,,,,,,,,,,90,0
"40858",40858,0.500000,Argos,Mk10,3,14:25:54 25-Apr-2014,14:34:34 25-Apr-2014,Dive,1,U,372.0,379.5,519,521,,,,,,,,,,,,,
"40858",40858,0.500000,Argos,Mk10,3,14:34:34 25-Apr-2014,14:36:20 25-Apr-2014,Surface,,,,,105,107,,,,,,,,,,,,,106,0
"40858",40858,0.500000,Argos,Mk10,3,14:36:20 25-Apr-2014,14:46:02 25-Apr-2014,Dive,1,U,364.0,371.5,581,583,,,,,,,,,,,,,
"40858",40858,0.500000,Argos,Mk10,3,14:46:02 25-Apr-2014,14:48:18 25-Apr-2014,Surface,,,,,135,137,,,,,,,,,,,,,136,0
"40858",40858,0.500000,Argos,Mk10,3,14:48:18 25-Apr-2014,14:57:12 25-Apr-2014,Dive,1,U,372.0,379.5,533,535,,,,,,,,,,,,,
"40858",40858,0.500000,Argos,Mk10,3,14:57:12 25-Apr-2014,14:59:00 25-Apr-2014,Surface,,,,,107,109,,,,,,,,,,,,,108,0
"40858",40858,0.500000,Argos,Mk10,5,14:59:00 25-Apr-2014,15:46:46 25-Apr-2014,Message,10,,,,2856.000000,2876.000000,,,,,,,,,,,,,
"40858",40858,0.500000,Argos,Mk10,5,14:59:00 25-Apr-2014,15:06:50 25-Apr-2014,Dive,1,Square,206.0,209.5,469,471,,,,,,,,,,,,,
"40858",40858,0.500000,Argos,Mk10,5,15:06:50 25-Apr-2014,15:08:16 25-Apr-2014,Surface,,,,,85,87,,,,,,,,,,,,,86,0
"40858",40858,0.500000,Argos,Mk10,5,15:08:16 25-Apr-2014,15:15:54 25-Apr-2014,Dive,1,Square,226.0,229.5,457,459,,,,,,,,,,,,,
"40858",40858,0.500000,Argos,Mk10,5,15:15:54 25-Apr-2014,15:17:36 25-Apr-2014,Surface,,,,,101,103,,,,,,,,,,,,,95,7
"40858",40858,0.500000,Argos,Mk10,5,15:17:36 25-Apr-2014,15:25:18 25-Apr-2014,Dive,1,Square,234.0,237.5,461,463,,,,,,,,,,,,,
"40858",40858,0.500000,Argos,Mk10,5,15:25:18 25-Apr-2014,15:26:42 25-Apr-2014,Surface,,,,,83,85,,,,,,,,,,,,,84,0
"40858",40858,0.500000,Argos,Mk10,5,15:26:42 25-Apr-2014,15:34:20 25-Apr-2014,Dive,1,U,246.0,251.5,457,459,,,,,,,,,,,,,
"40858",40858,0.500000,Argos,Mk10,5,15:34:20 25-Apr-2014,15:35:44 25-Apr-2014,Surface,,,,,83,85,,,,,,,,,,,,,84,0
"40858",40858,0.500000,Argos,Mk10,5,15:35:44 25-Apr-2014,15:44:18 25-Apr-2014,Dive,1,U,364.0,371.5,513,515,,,,,,,,,,,,,
"40858",40858,0.500000,Argos,Mk10,5,15:44:18 25-Apr-2014,15:46:46 25-Apr-2014,Surface,,,,,147,149,,,,,,,,,,,,,134,14
"40858",40858,0.500000,Argos,Mk10,6,15:47:00 25-Apr-2014,18:37:02 25-Apr-2014,Message,10,,,,10192.000000,10212.000000,,,,,,,,,,,,,
"40858",40858,0.500000,Argos,Mk10,6,15:47:00 25-Apr-2014,15:55:56 25-Apr-2014,Dive,1,U,356.0,363.5,535,537,,,,,,,,,,,,,
"40858",40858,0.500000,Argos,Mk10,6,15:55:56 25-Apr-2014,15:58:30 25-Apr-2014,Surface,,,,,153,155,,,,,,,,,,,,,154,0
"40858",40858,0.500000,Argos,Mk10,6,15:58:30 25-Apr-2014,16:07:24 25-Apr-2014,Dive,1,U,396.0,403.5,533,535,,,,,,,,,,,,,
"40858",40858,0.500000,Argos,Mk10,6,16:07:24 25-Apr-2014,16:09:32 25-Apr-2014,Surface,,,,,127,129,,,,,,,,,,,,,128,0
"40858",40858,0.500000,Argos,Mk10,6,16:09:32 25-Apr-2014,16:17:56 25-Apr-2014,Dive,1,Square,190.0,193.5,503,505,,,,,,,,,,,,,
"40858",40858,0.500000,Argos,Mk10,6,16:17:56 25-Apr-2014,16:30:26 25-Apr-2014,Surface,,,,,749,751,,,,,,,,,,,,,702,48
"40858",40858,0.500000,Argos,Mk10,6,16:30:26 25-Apr-2014,16:38:36 25-Apr-2014,Dive,1,Square,198.0,201.5,489,491,,,,,,,,,,,,,
"40858",40858,0.500000,Argos,Mk10,6,16:38:36 25-Apr-2014,18:23:32 25-Apr-2014,Surface,,,,,6295,6297,,,,,,,,,,,,,6296,0
"40858",40858,0.500000,Argos,Mk10,6,18:23:32 25-Apr-2014,18:33:16 25-Apr-2014,Dive,1,U,460.0,467.5,583,585,,,,,,,,,,,,,
"40858",40858,0.500000,Argos,Mk10,6,18:33:16 25-Apr-2014,18:37:02 25-Apr-2014,Surface,,,,,225,227,,,,,,,,,,,,,219,7
"40858",40858,0.500000,Argos,Mk10,3,18:37:00 25-Apr-2014,08:44:14 26-Apr-2014,Message,10,,,,50795.000000,50873.000000,,,,,,,,,,,,,
"40858",40858,0.500000,Argos,Mk10,3,18:37:00 25-Apr-2014,18:45:10 25-Apr-2014,Dive,1,U,260.0,267.5,489,491,,,,,,,,,,,,,
"40858",40858,0.500000,Argos,Mk10,3,18:45:10 25-Apr-2014,19:11:06 25-Apr-2014,Surface,,,,,1555,1557,,,,,,,,,,,,,1506,50
"40858",40858,0.500000,Argos,Mk10,3,19:11:06 25-Apr-2014,19:15:20 25-Apr-2014,Dive,1,U,198.0,201.5,253,255,,,,,,,,,,,,,
"40858",40858,0.500000,Argos,Mk10,3,19:15:20 25-Apr-2014,07:49:20 26-Apr-2014,Surface,,,,,45210,45270,,,,,,,,,,,,,45240,0
"40858",40858,0.500000,Argos,Mk10,3,07:49:20 26-Apr-2014,07:59:20 26-Apr-2014,Dive,1,U,388.0,395.5,599,601,,,,,,,,,,,,,
"40858",40858,0.500000,Argos,Mk10,3,07:59:20 26-Apr-2014,08:19:44 26-Apr-2014,Surface,,,,,1223,1225,,,,,,,,,,,,,869,355
"40858",40858,0.500000,Argos,Mk10,3,08:19:44 26-Apr-2014,08:30:06 26-Apr-2014,Dive,1,U,372.0,379.5,621,623,,,,,,,,,,,,,
"40858",40858,0.500000,Argos,Mk10,3,08:30:06 26-Apr-2014,08:33:00 26-Apr-2014,Surface,,,,,173,175,,,,,,,,,,,,,163,11
"40858",40858,0.500000,Argos,Mk10,3,08:33:00 26-Apr-2014,08:42:30 26-Apr-2014,Dive,1,U,348.0,355.5,569,571,,,,,,,,,,,,,
"40858",40858,0.500000,Argos,Mk10,3,08:42:30 26-Apr-2014,08:44:14 26-Apr-2014,Surface,,,,,103,105,,,,,,,,,,,,,104,0
"40858",40858,0.500000,Argos,Mk10,1,08:44:00 26-Apr-2014,09:36:58 26-Apr-2014,Message,10,,,,3168.000000,3188.000000,,,,,,,,,,,,,
"40858",40858,0.500000,Argos,Mk10,1,08:44:00 26-Apr-2014,08:53:38 26-Apr-2014,Dive,1,U,356.0,363.5,577,579,,,,,,,,,,,,,
"40858",40858,0.500000,Argos,Mk10,1,08:53:38 26-Apr-2014,08:55:22 26-Apr-2014,Surface,,,,,103,105,,,,,,,,,,,,,104,0
"40858",40858,0.500000,Argos,Mk10,1,08:55:22 26-Apr-2014,09:04:04 26-Apr-2014,Dive,1,U,332.0,339.5,521,523,,,,,,,,,,,,,
"40858",40858,0.500000,Argos,Mk10,1,09:04:04 26-Apr-2014,09:05:40 26-Apr-2014,Surface,,,,,95,97,,,,,,,,,,,,,96,0
"40858",40858,0.500000,Argos,Mk10,1,09:05:40 26-Apr-2014,09:14:50 26-Apr-2014,Dive,1,U,340.0,347.5,549,551,,,,,,,,,,,,,
"40858",40858,0.500000,Argos,Mk10,1,09:14:50 26-Apr-2014,09:17:12 26-Apr-2014,Surface,,,,,141,143,,,,,,,,,,,,,142,0
"40858",40858,0.500000,Argos,Mk10,1,09:17:12 26-Apr-2014,09:25:34 26-Apr-2014,Dive,1,U,340.0,347.5,501,503,,,,,,,,,,,,,
"40858",40858,0.500000,Argos,Mk10,1,09:25:34 26-Apr-2014,09:27:48 26-Apr-2014,Surface,,,,,133,135,,,,,,,,,,,,,125,9
"40858",40858,0.500000,Argos,Mk10,1,09:27:48 26-Apr-2014,09:35:24 26-Apr-2014,Dive,1,U,292.0,299.5,455,457,,,,,,,,,,,,,
"40858",40858,0.500000,Argos,Mk10,1,09:35:24 26-Apr-2014,09:36:58 26-Apr-2014,Surface,,,,,93,95,,,,,,,,,,,,,94,0
"40858",40858,0.500000,Argos,Mk10,3,09:37:00 26-Apr-2014,10:28:24 26-Apr-2014,Message,10,,,,3074.000000,3094.000000,,,,,,,,,,,,,
"40858",40858,0.500000,Argos,Mk10,3,09:37:00 26-Apr-2014,09:45:02 26-Apr-2014,Dive,1,U,332.0,339.5,481,483,,,,,,,,,,,,,
"40858",40858,0.500000,Argos,Mk10,3,09:45:02 26-Apr-2014,09:46:34 26-Apr-2014,Surface,,,,,91,93,,,,,,,,,,,,,92,0
"40858",40858,0.500000,Argos,Mk10,3,09:46:34 26-Apr-2014,09:54:34 26-Apr-2014,Dive,1,U,316.0,323.5,479,481,,,,,,,,,,,,,
"40858",40858,0.500000,Argos,Mk10,3,09:54:34 26-Apr-2014,09:56:32 26-Apr-2014,Surface,,,,,117,119,,,,,,,,,,,,,110,8
"40858",40858,0.500000,Argos,Mk10,3,09:56:32 26-Apr-2014,10:05:38 26-Apr-2014,Dive,1,U,348.0,355.5,545,547,,,,,,,,,,,,,
"40858",40858,0.500000,Argos,Mk10,3,10:05:38 26-Apr-2014,10:07:36 26-Apr-2014,Surface,,,,,117,119,,,,,,,,,,,,,118,0
"40858",40858,0.500000,Argos,Mk10,3,10:07:36 26-Apr-2014,10:15:34 26-Apr-2014,Dive,1,U,324.0,331.5,477,479,,,,,,,,,,,,,
"40858",40858,0.500000,Argos,Mk10,3,10:15:34 26-Apr-2014,10:17:44 26-Apr-2014,Surface,,,,,129,131,,,,,,,,,,,,,130,0
"40858",40858,0.500000,Argos,Mk10,3,10:17:44 26-Apr-2014,10:26:24 26-Apr-2014,Dive,1,U,340.0,347.5,519,521,,,,,,,,,,,,,
"40858",40858,0.500000,Argos,Mk10,3,10:26:24 26-Apr-2014,10:28:24 26-Apr-2014,Surface,,,,,119,121,,,,,,,,,,,,,120,0
"40858",40858,0.500000,Argos,Mk10,4,10:28:00 26-Apr-2014,11:32:42 26-Apr-2014,Message,10,,,,3872.000000,3892.000000,,,,,,,,,,,,,
"40858",40858,0.500000,Argos,Mk10,4,10:28:00 26-Apr-2014,10:36:02 26-Apr-2014,Dive,1,U,308.0,315.5,481,483,,,,,,,,,,,,,
"40858",40858,0.500000,Argos,Mk10,4,10:36:02 26-Apr-2014,10:37:52 26-Apr-2014,Surface,,,,,109,111,,,,,,,,,,,,,110,0
"40858",40858,0.500000,Argos,Mk10,4,10:37:52 26-Apr-2014,10:46:32 26-Apr-2014,Dive,1,U,356.0,363.5,519,521,,,,,,,,,,,,,
"40858",40858,0.500000,Argos,Mk10,4,10:46:32 26-Apr-2014,11:00:52 26-Apr-2014,Surface,,,,,859,861,,,,,,,,,,,,,860,0
"40858",40858,0.500000,Argos,Mk10,4,11:00:52 26-Apr-2014,11:09:18 26-Apr-2014,Dive,1,U,340.0,347.5,505,507,,,,,,,,,,,,,
"40858",40858,0.500000,Argos,Mk10,4,11:09:18 26-Apr-2014,11:11:42 26-Apr-2014,Surface,,,,,143,145,,,,,,,,,,,,,144,0
"40858",40858,0.500000,Argos,Mk10,4,11:11:42 26-Apr-2014,11:19:26 26-Apr-2014,Dive,1,U,308.0,315.5,463,465,,,,,,,,,,,,,
"40858",40858,0.500000,Argos,Mk10,4,11:19:26 26-Apr-2014,11:22:40 26-Apr-2014,Surface,,,,,193,195,,,,,,,,,,,,,194,0
"40858",40858,0.500000,Argos,Mk10,4,11:22:40 26-Apr-2014,11:31:08 26-Apr-2014,Dive,1,U,308.0,315.5,507,509,,,,,,,,,,,,,
"40858",40858,0.500000,Argos,Mk10,4,11:31:08 26-Apr-2014,11:32:42 26-Apr-2014,Surface,,,,,93,95,,,,,,,,,,,,,94,0
"40858",40858,0.500000,Argos,Mk10,4,11:33:00 26-Apr-2014,12:21:10 26-Apr-2014,Message,10,,,,2880.000000,2900.000000,,,,,,,,,,,,,
"40858",40858,0.500000,Argos,Mk10,4,11:33:00 26-Apr-2014,11:41:06 26-Apr-2014,Dive,1,U,316.0,323.5,485,487,,,,,,,,,,,,,
"40858",40858,0.500000,Argos,Mk10,4,11:41:06 26-Apr-2014,11:42:44 26-Apr-2014,Surface,,,,,97,99,,,,,,,,,,,,,98,0
"40858",40858,0.500000,Argos,Mk10,4,11:42:44 26-Apr-2014,11:50:08 26-Apr-2014,Dive,1,U,308.0,315.5,443,445,,,,,,,,,,,,,
"40858",40858,0.500000,Argos,Mk10,4,11:50:08 26-Apr-2014,11:51:46 26-Apr-2014,Surface,,,,,97,99,,,,,,,,,,,,,98,0
"40858",40858,0.500000,Argos,Mk10,4,11:51:46 26-Apr-2014,11:59:54 26-Apr-2014,Dive,1,U,356.0,363.5,487,489,,,,,,,,,,,,,
"40858",40858,0.500000,Argos,Mk10,4,11:59:54 26-Apr-2014,12:01:18 26-Apr-2014,Surface,,,,,83,85,,,,,,,,,,,,,84,0
"40858",40858,0.500000,Argos,Mk10,4,12:01:18 26-Apr-2014,12:08:22 26-Apr-2014,Dive,1,U,252.0,259.5,423,425,,,,,,,,,,,,,
"40858",40858,0.500000,Argos,Mk10,4,12:08:22 26-Apr-2014,12:11:20 26-Apr-2014,Surface,,,,,177,179,,,,,,,,,,,,,167,11
"40858",40858,0.500000,Argos,Mk10,4,12:11:20 26-Apr-2014,12:19:34 26-Apr-2014,Dive,1,U,308.0,315.5,493,495,,,,,,,,,,,,,
"40858",40858,0.500000,Argos,Mk10,4,12:19:34 26-Apr-2014,12:21:10 26-Apr-2014,Surface,,,,,95,97,,,,,,,,,,,,,96,0
"40858",40858,0.500000,Argos,Mk10,4,12:21:00 26-Apr-2014,13:05:54 26-Apr-2014,Message,10,,,,2684.000000,2704.000000,,,,,,,,,,,,,
"40858",40858,0.500000,Argos,Mk10,4,12:21:00 26-Apr-2014,12:27:38 26-Apr-2014,Dive,1,U,218.0,221.5,397,399,,,,,,,,,,,,,
"40858",40858,0.500000,Argos,Mk10,4,12:27:38 26-Apr-2014,12:29:20 26-Apr-2014,Surface,,,,,101,103,,,,,,,,,,,,,102,0
"40858",40858,0.500000,Argos,Mk10,4,12:29:20 26-Apr-2014,12:36:50 26-Apr-2014,Dive,1,U,230.0,233.5,449,451,,,,,,,,,,,,,
"40858",40858,0.500000,Argos,Mk10,4,12:36:50 26-Apr-2014,12:38:26 26-Apr-2014,Surface,,,,,95,97,,,,,,,,,,,,,96,0
"40858",40858,0.500000,Argos,Mk10,4,12:38:26 26-Apr-2014,12:46:00 26-Apr-2014,Dive,1,U,276.0,283.5,453,455,,,,,,,,,,,,,
"40858",40858,0.500000,Argos,Mk10,4,12:46:00 26-Apr-2014,12:47:54 26-Apr-2014,Surface,,,,,113,115,,,,,,,,,,,,,114,0
"40858",40858,0.500000,Argos,Mk10,4,12:47:54 26-Apr-2014,12:55:34 26-Apr-2014,Dive,1,U,308.0,315.5,459,461,,,,,,,,,,,,,
"40858",40858,0.500000,Argos,Mk10,4,12:55:34 26-Apr-2014,12:56:54 26-Apr-2014,Surface,,,,,79,81,,,,,,,,,,,,,80,0
"40858",40858,0.500000,Argos,Mk10,4,12:56:54 26-Apr-2014,13:03:46 26-Apr-2014,Dive,1,U,268.0,275.5,411,413,,,,,,,,,,,,,
"40858",40858,0.500000,Argos,Mk10,4,13:03:46 26-Apr-2014,13:05:54 26-Apr-2014,Surface,,,,,127,129,,,,,,,,,,,,,128,0
"40858",40858,0.500000,Argos,Mk10,3,13:06:00 26-Apr-2014,13:50:54 26-Apr-2014,Message,10,,,,2684.000000,2704.000000,,,,,,,,,,,,,
"40858",40858,0.500000,Argos,Mk10,3,13:06:00 26-Apr-2014,13:13:20 26-Apr-2014,Dive,1,U,252.0,259.5,439,441,,,,,,,,,,,,,
"40858",40858,0.500000,Argos,Mk10,3,13:13:20 26-Apr-2014,13:14:54 26-Apr-2014,Surface,,,,,93,95,,,,,,,,,,,,,94,0
"40858",40858,0.500000,Argos,Mk10,3,13:14:54 26-Apr-2014,13:21:06 26-Apr-2014,Dive,1,Square,130.0,133.5,371,373,,,,,,,,,,,,,
"40858",40858,0.500000,Argos,Mk10,3,13:21:06 26-Apr-2014,13:22:18 26-Apr-2014,Surface,,,,,71,73,,,,,,,,,,,,,72,0
"40858",40858,0.500000,Argos,Mk10,3,13:22:18 26-Apr-2014,13:28:06 26-Apr-2014,Dive,1,U,178.0,181.5,347,349,,,,,,,,,,,,,
"40858",40858,0.500000,Argos,Mk10,3,13:28:06 26-Apr-2014,13:30:58 26-Apr-2014,Surface,,,,,171,173,,,,,,,,,,,,,144,28
"40858",40858,0.500000,Argos,Mk10,3,13:30:58 26-Apr-2014,13:38:02 26-Apr-2014,Dive,1,U,300.0,307.5,423,425,,,,,,,,,,,,,
"40858",40858,0.500000,Argos,Mk10,3,13:38:02 26-Apr-2014,13:45:56 26-Apr-2014,Surface,,,,,473,475,,,,,,,,,,,,,260,214
"40858",40858,0.500000,Argos,Mk10,3,13:45:56 26-Apr-2014,13:47:50 26-Apr-2014,Dive,1,Square,8.0,8.0,113,115,,,,,,,,,,,,,
"40858",40858,0.500000,Argos,Mk10,3,13:47:50 26-Apr-2014,13:50:54 26-Apr-2014,Surface,,,,,183,185,,,,,,,,,,,,,83,101
"40858",40858,0.500000,Argos,Mk10,3,13:50:00 26-Apr-2014,14:21:24 26-Apr-2014,Message,10,,,,1874.000000,1894.000000,,,,,,,,,,,,,
"40858",40858,0.500000,Argos,Mk10,3,13:50:00 26-Apr-2014,13:51:50 26-Apr-2014,Dive,1,U,7.5,7.5,109,111,,,,,,,,,,,,,
"40858",40858,0.500000,Argos,Mk10,3,13:51:50 26-Apr-2014,13:55:54 26-Apr-2014,Surface,,,,,243,245,,,,,,,,,,,,,126,118
"40858",40858,0.500000,Argos,Mk10,3,13:55:54 26-Apr-2014,13:58:10 26-Apr-2014,Dive,1,Square,7.5,7.5,135,137,,,,,,,,,,,,,
"40858",40858,0.500000,Argos,Mk10,3,13:58:10 26-Apr-2014,13:58:54 26-Apr-2014,Surface,,,,,43,45,,,,,,,,,,,,,44,0
"40858",40858,0.500000,Argos,Mk10,3,13:58:54 26-Apr-2014,14:05:26 26-Apr-2014,Dive,1,U,268.0,275.5,391,393,,,,,,,,,,,,,
"40858",40858,0.500000,Argos,Mk10,3,14:05:26 26-Apr-2014,14:10:12 26-Apr-2014,Surface,,,,,285,287,,,,,,,,,,,,,148,138
"40858",40858,0.500000,Argos,Mk10,3,14:10:12 26-Apr-2014,14:13:06 26-Apr-2014,Dive,1,U,32.5,33.0,173,175,,,,,,,,,,,,,
"40858",40858,0.500000,Argos,Mk10,3,14:13:06 26-Apr-2014,14:17:34 26-Apr-2014,Surface,,,,,267,269,,,,,,,,,,,,,156,112
"40858",40858,0.500000,Argos,Mk10,3,14:17:34 26-Apr-2014,14:19:22 26-Apr-2014,Dive,1,Square,23.5,23.5,107,109,,,,,,,,,,,,,
"40858",40858,0.500000,Argos,Mk10,3,14:19:22 26-Apr-2014,14:21:24 26-Apr-2014,Surface,,,,,121,123,,,,,,,,,,,,,83,39
"40858",40858,0.500000,Argos,Mk10,3,14:22:00 26-Apr-2014,14:54:00 26-Apr-2014,Message,10,,,,1910.000000,1930.000000,,,,,,,,,,,,,
"40858",40858,0.500000,Argos,Mk10,3,14:22:00 26-Apr-2014,14:24:12 26-Apr-2014,Dive,1,Square,33.5,34.0,131,133,,,,,,,,,,,,,
"40858",40858,0.500000,Argos,Mk10,3,14:24:12 26-Apr-2014,14:25:22 26-Apr-2014,Surface,,,,,69,71,,,,,,,,,,,,,70,0
"40858",40858,0.500000,Argos,Mk10,3,14:25:22 26-Apr-2014,14:29:00 26-Apr-2014,Dive,1,U,52.5,53.0,217,219,,,,,,,,,,,,,
"40858",40858,0.500000,Argos,Mk10,3,14:29:00 26-Apr-2014,14:30:00 26-Apr-2014,Surface,,,,,59,61,,,,,,,,,,,,,60,0
"40858",40858,0.500000,Argos,Mk10,3,14:30:00 26-Apr-2014,14:36:40 26-Apr-2014,Dive,1,Square,182.0,185.5,399,401,,,,,,,,,,,,,
"40858",40858,0.500000,Argos,Mk10,3,14:36:40 26-Apr-2014,14:37:54 26-Apr-2014,Surface,,,,,73,75,,,,,,,,,,,,,74,0
"40858",40858,0.500000,Argos,Mk10,3,14:37:54 26-Apr-2014,14:44:54 26-Apr-2014,Dive,1,Square,194.0,197.5,419,421,,,,,,,,,,,,,
"40858",40858,0.500000,Argos,Mk10,3,14:44:54 26-Apr-2014,14:46:12 26-Apr-2014,Surface,,,,,77,79,,,,,,,,,,,,,78,0
"40858",40858,0.500000,Argos,Mk10,3,14:46:12 26-Apr-2014,14:52:48 26-Apr-2014,Dive,1,U,214.0,217.5,395,397,,,,,,,,,,,,,
"40858",40858,0.500000,Argos,Mk10,3,14:52:48 26-Apr-2014,14:54:00 26-Apr-2014,Surface,,,,,71,73,,,,,,,,,,,,,72,0
"40858",40858,0.500000,Argos,Mk10,1,14:54:00 26-Apr-2014,06:48:06 27-Apr-2014,Message,10,,,,57207.000000,57285.000000,,,,,,,,,,,,,
"40858",40858,0.500000,Argos,Mk10,1,14:54:00 26-Apr-2014,15:00:54 26-Apr-2014,Dive,1,Square,214.0,217.5,413,415,,,,,,,,,,,,,
"40858",40858,0.500000,Argos,Mk10,1,15:00:54 26-Apr-2014,15:02:14 26-Apr-2014,Surface,,,,,79,81,,,,,,,,,,,,,80,0
"40858",40858,0.500000,Argos,Mk10,1,15:02:14 26-Apr-2014,15:08:52 26-Apr-2014,Dive,1,U,222.0,225.5,397,399,,,,,,,,,,,,,
"40858",40858,0.500000,Argos,Mk10,1,15:08:52 26-Apr-2014,15:10:02 26-Apr-2014,Surface,,,,,69,71,,,,,,,,,,,,,70,0
"40858",40858,0.500000,Argos,Mk10,1,15:10:02 26-Apr-2014,15:16:30 26-Apr-2014,Dive,1,U,230.0,233.5,387,389,,,,,,,,,,,,,
"40858",40858,0.500000,Argos,Mk10,1,15:16:30 26-Apr-2014,15:17:44 26-Apr-2014,Surface,,,,,73,75,,,,,,,,,,,,,74,0
"40858",40858,0.500000,Argos,Mk10,1,15:17:44 26-Apr-2014,15:24:36 26-Apr-2014,Dive,1,U,252.0,259.5,411,413,,,,,,,,,,,,,
"40858",40858,0.500000,Argos,Mk10,1,15:24:36 26-Apr-2014,15:26:22 26-Apr-2014,Surface,,,,,105,107,,,,,,,,,,,,,106,0
"40858",40858,0.500000,Argos,Mk10,1,15:26:22 26-Apr-2014,15:33:06 26-Apr-2014,Dive,1,U,268.0,275.5,403,405,,,,,,,,,,,,,
"40858",40858,0.500000,Argos,Mk10,1,15:33:06 26-Apr-2014,06:48:06 27-Apr-2014,Surface,,,,,54870,54930,,,,,,,,,,,,,54900,0
